Uhrzeit,Datum,Tagesabschnitt,Protokollnummer,Ort,Gruppe,Temperatur,Bedeckung,Wind,Schneelage,Sonneneinstrahlung,Kohlmeise_number,Kohlmeise_scan,Blaumeise_number,Blaumeise_scan,Sumpfmeise_number,Sumpfmeise_scan,Tannenmeise_number,Tannenmeise_scan,Haubenmeise_number,Haubenmeise_scan,Gimpel_number,Gimpel_scan,Goldammer_number,Goldammer_scan,Erlenzeisig_number,Erlenzeisig_scan,Haussperling_number,Haussperling_scan,Kleiber_number,Kleiber_scan,Amsel_number,Amsel_scan,Rotkehlchen_number,Rotkehlchen_scan,Stieglitz_number,Stieglitz_scan,Buchfink_number,Buchfink_scan,Zaunkönig_number,Zaunkönig_scan,Buntspecht_number,Buntspecht_scan,Bergfink_number,Bergfink_scan,Grünfink_number,Grünfink_scan,Bachstelze_number,Bachstelze_scan,Kommentar,All_Individuen_number,All_Individuen_scan
8:10,08.02.2023,Früh,,See,3,-10,klar,windstill,liegt,nein,60,2,19,0,4,0,2,0,0,0,0,0,0,0,0,0,0,0,0,0,0,0,3,0,0,0,0,0,0,0,0,0,0,0,0,0,0,0,,88,2
8:10,09.02.2023,Früh,,See,2,-14,klar,windstill,liegt,nein,33,2,42,0,12,1,0,0,0,0,0,0,0,0,0,0,0,0,0,0,0,0,3,0,0,0,0,0,0,0,0,0,0,0,0,0,0,0,,90,3
8:10,10.02.2023,Früh,,See,1,0,klar,windstill,liegt,nein,14,1,15,0,1,0,0,0,0,0,1,0,0,0,0,0,0,0,0,0,1,0,5,0,0,0,1,0,0,0,0,0,0,0,0,0,0,0,,38,1
8:10,11.02.2023,Früh,4.12,See,4,-1,stark_bewölkt,windstill,liegt,nein,28,1,50,3,6,0,0,0,0,0,0,0,0,0,0,0,0,0,0,0,3,1,3,0,0,0,2,0,0,0,0,0,0,0,0,0,0,0,,92,5
8:10,13.02.2023,Früh,,See,1,-3.5,klar,windstill,liegt,nein,8,0,4,0,2,0,0,0,0,0,0,0,0,0,0,0,0,0,0,0,0,0,0,0,0,0,0,0,0,0,0,0,1,0,0,0,0,0,,15,0
8:10,14.02.2023,Früh,,See,1,-4.5,klar,windstill,liegt,nein,20,1,11,1,1,0,0,0,0,0,0,0,0,0,3,0,0,0,0,0,0,0,2,0,0,0,0,0,0,0,0,0,0,0,0,0,0,0,,37,2
8:10,18.02.2023,Früh,7.2,See,7,13,stark_bewölkt,leicht,liegt,nein,4,0,0,0,0,0,0,0,0,0,0,0,0,0,0,0,0,0,0,0,0,0,0,0,0,0,0,0,0,0,0,0,0,0,0,0,0,0,Interaktionen 8,4,0
8:10,20.02.2023,Früh,8.6,See,8,8,stark_bewölkt,mäßig,liegt_nicht,nein,2,0,0,0,0,0,0,0,0,0,0,0,0,0,0,0,0,0,0,0,0,0,0,0,0,0,0,0,0,0,0,0,0,0,0,0,0,0,,2,0
8:10,21.02.2023,Früh,6.9,See,6,7,klar,Windstill,Liegt_nicht,Nein,3,0,0,0,0,0,0,0,0,0,0,0,0,0,0,0,0,0,0,0,0,0,0,0,0,0,0,0,0,0,0,0,0,0,0,0,0,0,,3,0
8:10,22.02.2023,Früh,5.12,See,5,-2,klar,windstill,liegt_nicht,nein,1,0,0,0,0,0,0,0,0,0,0,0,0,0,0,0,0,0,0,0,0,0,0,0,4,2,0,0,0,0,0,0,0,0,0,0,0,0,,5,2
8:10,23.02.2023,Früh,7.6,See,7,1,leicht_bewölkt,windstill,liegt_nicht,nein,3,0,4,0,0,0,0,0,0,0,1,0,0,0,0,0,0,0,0,0,0,0,0,0,9,6,0,0,0,0,0,0,0,0,0,0,0,0,Interaktikon 5,17,6
8:10,24.02.2023,Früh,8.18,See,8,-1,stark_bewölkt,windstill,liegt_nicht,nein,8,0,17,1,0,0,0,0,0,0,0,0,0,0,7,3,0,0,0,0,0,0,0,0,6,0,1,0,0,0,0,0,0,0,0,0,0,0,,39,4
8:20,08.02.2023,Früh,,See,3,-10,klar,windstill,liegt,nein,50,1,41,3,11,0,2,0,0,0,0,0,0,0,0,0,0,0,0,0,0,0,1,0,0,0,0,0,0,0,0,0,0,0,0,0,0,0,,105,4
8:20,09.02.2023,Früh,,See,2,-14,klar,windstill,liegt,nein,65,1,45,0,10,0,0,0,0,0,0,0,0,0,0,0,0,0,0,0,1,0,0,0,0,0,0,0,0,0,0,0,0,0,0,0,0,0,,121,1
8:20,10.02.2023,Früh,,See,1,0,klar,windstill,liegt,nein,22,1,45,0,1,0,0,0,0,0,0,0,0,0,0,0,0,0,0,0,0,0,0,0,0,0,0,0,0,0,0,0,0,0,0,0,0,0,,68,1
8:20,11.02.2023,Früh,4.12,See,4,-1,stark_bewölkt,windstill,liegt,nein,14,1,33,0,0,0,0,0,0,0,0,0,0,0,0,0,0,0,0,0,2,0,0,0,0,0,3,0,0,0,0,0,0,0,0,0,0,0,,52,1
8:20,13.02.2023,Früh,,See,1,-3.5,klar,windstill,liegt,nein,19,0,16,0,7,1,0,0,0,0,1,0,0,0,0,0,0,0,0,0,0,0,3,0,1,1,0,0,0,0,0,0,1,0,0,0,0,0,,48,2
8:20,14.02.2023,Früh,,See,1,-4.5,klar,windstill,liegt,nein,12,1,17,0,2,0,2,0,0,0,0,0,0,0,0,0,0,0,0,0,0,0,0,0,0,0,0,0,0,0,0,0,0,0,0,0,0,0,,33,1
8:20,18.02.2023,Früh,7.2,See,7,13,stark_bewölkt,leicht,liegt,nein,5,0,0,0,0,0,0,0,0,0,0,0,0,0,2,0,0,0,0,0,0,0,0,0,16,0,0,0,0,0,0,0,0,0,0,0,0,0,0,23,0
8:20,20.02.2023,Früh,8.6,See,8,8,stark_bewölkt,mäßig,liegt_nicht,nein,3,0,0,0,0,0,0,0,0,0,1,1,0,0,5,0,0,0,0,0,0,0,2,0,3,4,0,0,0,0,0,0,0,0,0,0,0,0,,14,5
8:20,21.02.2023,Früh,6.9,See,6,7,klar,Windstill,Liegt_nicht,Nein,13,0,2,0,2,0,0,0,0,0,2,2,0,0,0,0,0,0,0,0,0,0,0,0,0,0,0,0,0,0,0,0,0,0,0,0,0,0,,19,2
8:20,22.02.2023,Früh,5.12,See,5,-2,klar,windstill,liegt_nicht,nein,1,0,0,0,0,0,0,0,0,0,0,0,0,0,0,0,0,0,0,0,0,0,0,0,0,0,0,0,0,0,0,0,0,0,0,0,0,0,,1,0
8:20,23.02.2023,Früh,7.6,See,7,1,leicht_bewölkt,windstill,liegt_nicht,nein,0,0,0,0,0,0,0,0,0,0,1,0,0,0,0,0,0,0,0,0,0,0,0,0,4,0,2,0,0,0,0,0,0,0,0,0,0,0,0,7,0
8:20,24.02.2023,Früh,8.18,See,8,-1,stark_bewölkt,windstill,liegt_nicht,nein,3,0,2,0,0,0,0,0,0,0,0,0,0,0,4,0,0,0,0,0,0,0,1,0,1,0,0,0,0,0,0,0,0,0,0,0,0,0,,11,0
8:30,08.02.2023,Früh,,See,3,-10,klar,windstill,liegt,nein,22,1,55,0,5,0,10,0,0,0,0,0,0,0,0,0,0,0,0,0,0,0,2,0,0,0,3,0,0,0,0,0,0,0,0,0,0,0,,97,1
8:30,09.02.2023,Früh,,See,2,-14,klar,windstill,liegt,nein,37,1,40,0,20,0,0,0,0,0,0,0,0,0,0,0,0,0,0,0,0,0,3,0,0,0,0,0,0,0,0,0,0,0,0,0,0,0,,100,1
8:30,10.02.2023,Früh,,See,1,0,klar,windstill,liegt,nein,17,2,20,0,3,1,0,0,0,0,0,0,0,0,0,0,0,0,0,0,0,0,0,0,0,0,0,0,0,0,0,0,0,0,0,0,0,0,,40,3
8:30,11.02.2023,Früh,4.12,See,4,-1,stark_bewölkt,windstill,liegt,nein,31,0,11,0,2,0,0,0,0,0,0,0,0,0,0,0,0,0,0,0,1,1,3,0,0,0,0,0,0,0,0,0,0,0,0,0,0,0,,48,1
8:30,13.02.2023,Früh,,See,1,-3.5,klar,windstill,liegt,nein,4,0,20,0,4,0,0,0,0,0,0,0,0,0,0,0,0,0,0,0,0,0,0,0,0,0,0,0,0,0,0,0,0,0,0,0,0,0,,28,0
8:30,14.02.2023,Früh,,See,1,-4.5,klar,windstill,liegt,nein,25,1,17,0,4,0,0,0,0,0,4,0,0,0,2,0,0,0,0,0,0,0,1,0,3,1,1,1,0,0,0,0,0,0,0,0,0,0,,57,3
8:30,18.02.2023,Früh,7.2,See,7,13,stark_bewölkt,leicht,liegt,nein,6,1,7,0,1,0,0,0,0,0,0,0,0,0,0,1,0,0,6,0,0,0,0,0,13,5,0,0,0,0,0,0,0,0,0,0,0,0,0,33,7
8:30,20.02.2023,Früh,8.6,See,8,8,stark_bewölkt,mäßig,liegt_nicht,nein,0,0,0,0,0,0,0,0,0,0,1,0,0,0,2,0,0,0,0,0,0,0,0,0,6,0,0,0,0,0,0,0,0,0,0,0,0,0,,9,0
8:30,21.02.2023,Früh,6.9,See,6,7,klar,Windstill,Liegt_nicht,Nein,3,0,3,0,0,0,0,0,0,0,0,0,0,0,0,0,0,0,0,0,0,0,0,0,0,0,0,0,0,0,0,0,0,0,0,0,0,0,Interaktion Gimpel,6,0
8:30,22.02.2023,Früh,5.12,See,5,-2,klar,windstill,liegt_nicht,nein,6,1,5,0,2,0,0,0,0,0,0,0,0,0,3,0,0,0,0,0,0,0,0,0,10,4,0,0,0,0,0,0,0,0,0,0,0,0,,26,5
8:30,23.02.2023,Früh,7.6,See,7,1,leicht_bewölkt,windstill,liegt_nicht,nein,0,0,2,0,0,0,0,0,0,0,1,1,0,0,0,0,0,0,0,0,0,0,0,0,0,0,0,0,0,0,0,0,0,0,0,0,0,0,0,3,1
8:30,24.02.2023,Früh,8.18,See,8,-1,stark_bewölkt,windstill,liegt_nicht,nein,0,0,1,0,2,0,0,0,0,0,2,0,0,0,3,0,0,0,0,0,0,0,0,0,10,0,1,0,0,0,0,0,0,0,0,0,0,0,,19,0
8:40,08.02.2023,Früh,,See,3,-10,klar,windstill,liegt,nein,28,0,6,0,11,0,10,0,0,0,0,0,0,0,0,0,0,0,0,0,0,0,0,0,0,0,0,0,0,0,0,0,0,0,0,0,0,0,,55,0
8:40,09.02.2023,Früh,,See,2,-14,klar,windstill,liegt,nein,24,2,6,1,11,0,0,0,0,0,0,0,0,0,0,0,0,0,0,0,0,0,0,0,0,0,0,0,0,0,0,0,0,0,0,0,0,0,,41,3
8:40,10.02.2023,Früh,,See,1,0,klar,windstill,liegt,nein,25,0,17,0,8,0,0,0,0,0,0,0,0,0,0,0,0,0,0,0,0,0,0,0,0,0,0,0,0,0,0,0,0,0,0,0,0,0,,50,0
8:40,11.02.2023,Früh,4.12,See,4,-1,stark_bewölkt,windstill,liegt,nein,62,2,26,1,6,0,0,0,0,0,7,0,0,0,0,0,0,0,0,0,1,1,1,0,6,1,2,0,0,0,0,0,0,0,0,0,0,0,,111,5
8:40,13.02.2023,Früh,,See,1,-3.5,klar,windstill,liegt,nein,31,0,16,1,5,0,0,0,0,0,0,0,0,0,0,0,0,0,0,0,0,0,1,0,18,6,0,0,0,0,0,0,0,0,0,0,0,0,,71,7
8:40,14.02.2023,Früh,,See,1,-4.5,klar,windstill,liegt,nein,10,0,23,0,6,0,0,0,0,0,0,0,0,0,3,0,0,0,0,0,1,1,0,0,1,1,4,0,0,0,0,0,0,0,0,0,0,0,,48,2
8:40,18.02.2023,Früh,7.2,See,7,13,stark_bewölkt,leicht,liegt,nein,13,0,2,1,0,0,0,0,0,0,0,0,0,0,5,1,0,0,0,0,0,0,2,0,11,1,0,0,0,0,0,0,0,0,0,0,0,0,0,33,3
8:40,20.02.2023,Früh,8.6,See,8,8,stark_bewölkt,mäßig,liegt_nicht,nein,8,0,0,0,7,0,0,0,0,0,0,0,0,0,4,2,0,0,0,0,0,0,0,0,0,0,1,1,0,0,0,0,0,0,0,0,0,0,,20,3
8:40,21.02.2023,Früh,6.9,See,6,7,klar,Windstill,Liegt_nicht,Nein,5,2,3,0,0,0,0,0,0,0,0,0,0,0,0,0,0,0,0,0,0,0,3,0,0,0,0,0,0,0,0,0,0,0,0,0,0,0,Kohlmeiseninteraktion,11,2
8:40,22.02.2023,Früh,5.12,See,5,-2,klar,windstill,liegt_nicht,nein,10,0,9,0,0,0,0,0,0,0,0,0,0,0,0,0,0,0,0,0,0,0,0,0,2,0,0,0,0,0,0,0,0,0,0,0,0,0,,21,0
8:40,23.02.2023,Früh,7.6,See,7,1,leicht_bewölkt,windstill,liegt_nicht,nein,4,1,1,0,6,0,0,0,0,0,0,0,0,0,2,0,0,0,0,0,0,0,0,0,4,2,0,1,0,0,0,0,0,0,0,0,0,0,0,17,4
8:40,24.02.2023,Früh,8.18,See,8,-1,stark_bewölkt,windstill,liegt_nicht,nein,11,0,2,0,4,0,0,0,0,0,3,1,0,0,3,2,0,0,0,0,0,0,0,0,4,2,0,0,0,0,0,0,0,0,0,0,0,0,,27,5
8:50,08.02.2023,Früh,,See,3,-10,klar,windstill,liegt,nein,44,2,38,1,7,0,0,0,0,0,0,0,0,0,0,0,0,0,0,0,0,0,0,0,0,0,0,0,0,0,0,0,0,0,0,0,0,0,,89,3
8:50,09.02.2023,Früh,,See,2,-14,klar,windstill,liegt,nein,24,1,16,0,4,0,0,0,0,0,0,0,0,0,0,0,0,0,0,0,0,0,0,0,0,0,0,0,0,0,0,0,0,0,0,0,0,0,,44,1
8:50,10.02.2023,Früh,,See,1,0,klar,windstill,liegt,nein,10,1,20,0,6,0,0,0,0,0,0,0,0,0,0,0,0,0,0,0,0,0,1,0,0,0,0,0,0,0,0,0,0,0,0,0,0,0,,37,1
8:50,11.02.2023,Früh,4.12,See,4,-1,stark_bewölkt,windstill,liegt,nein,36,2,5,0,1,0,0,0,0,0,0,0,0,0,0,0,0,0,0,0,0,0,1,0,2,0,0,0,0,0,0,0,0,0,0,0,0,0,,45,2
8:50,13.02.2023,Früh,,See,1,-3.5,klar,windstill,liegt,nein,15,0,19,0,1,0,0,0,0,0,0,0,0,0,0,0,0,0,0,0,0,0,1,0,8,0,0,0,0,0,0,0,0,0,0,0,0,0,,44,0
8:50,14.02.2023,Früh,,See,1,-4.5,klar,windstill,liegt,nein,12,0,20,0,5,0,5,0,0,0,2,0,0,0,3,0,0,0,0,0,0,0,0,0,3,1,2,0,0,0,0,0,1,0,0,0,0,0,,53,1
8:50,18.02.2023,Früh,7.2,See,7,13,stark_bewölkt,leicht,liegt,nein,2,0,3,0,0,0,0,0,0,0,0,0,0,0,4,0,0,0,0,0,0,0,1,0,1,0,0,0,0,0,0,0,0,0,0,0,0,0,0,11,0
8:50,20.02.2023,Früh,8.6,See,8,8,stark_bewölkt,mäßig,liegt_nicht,nein,2,0,7,0,0,0,0,0,0,0,0,0,0,0,0,0,0,0,0,0,1,0,1,0,1,0,1,0,0,0,0,0,0,0,0,0,0,0,,13,0
8:50,21.02.2023,Früh,6.9,See,6,7,klar,Windstill,Liegt_nicht,Nein,12,0,2,0,0,0,0,0,0,0,0,0,0,0,2,2,0,0,0,0,0,0,3,0,1,0,1,1,0,0,0,0,0,0,0,0,0,0,Rotkehlchen Interaktion,21,3
8:50,22.02.2023,Früh,5.12,See,5,-2,klar,windstill,liegt_nicht,nein,3,0,1,0,1,0,0,0,0,0,2,1,0,0,4,2,0,0,0,0,1,0,0,0,0,0,0,0,0,0,0,0,0,0,0,0,0,0,,12,3
8:50,23.02.2023,Früh,7.6,See,7,1,leicht_bewölkt,windstill,liegt_nicht,nein,14,0,2,0,5,0,0,0,0,0,0,0,0,0,0,0,0,0,0,0,0,0,0,0,9,0,4,0,0,0,0,0,0,0,0,0,2,0,0,36,0
8:50,24.02.2023,Früh,8.18,See,8,-1,stark_bewölkt,windstill,liegt_nicht,nein,2,0,0,0,1,0,0,0,0,0,1,0,1,1,1,0,0,0,0,0,0,0,0,0,3,0,0,0,0,0,0,0,0,0,0,0,0,0,,9,1
9:00,08.02.2023,Früh,,See,3,-10,klar,windstill,liegt,nein,33,1,44,0,8,0,1,0,0,0,0,0,0,0,0,0,0,0,0,0,0,0,0,0,0,0,0,0,0,0,0,0,0,0,0,0,0,0,,86,1
9:00,09.02.2023,Früh,,See,2,-14,klar,windstill,liegt,nein,43,1,7,0,6,0,0,0,0,0,0,0,0,0,0,0,0,0,0,0,0,1,1,0,0,0,0,0,0,0,0,0,0,0,0,0,0,0,,57,2
9:00,10.02.2023,Früh,,See,1,0,klar,windstill,liegt,nein,13,0,9,1,3,0,0,0,0,0,0,0,0,0,0,0,0,0,0,0,1,0,2,0,0,0,1,0,0,0,0,0,0,0,0,0,0,0,,29,1
9:00,11.02.2023,Früh,4.12,See,4,-1,stark_bewölkt,windstill,liegt,nein,54,2,9,0,8,0,2,0,0,0,0,0,0,0,0,0,0,0,0,0,0,0,5,0,0,0,0,0,0,0,0,0,0,0,0,0,0,0,,78,2
9:00,13.02.2023,Früh,,See,1,-3.5,klar,windstill,liegt,nein,12,0,25,1,1,0,0,0,0,0,0,0,0,0,0,0,0,0,0,0,0,0,1,0,0,0,0,0,0,0,0,0,0,0,0,0,0,0,,39,1
9:00,14.02.2023,Früh,,See,1,-4.5,klar,windstill,liegt,nein,6,0,10,0,6,0,2,0,0,0,0,0,0,0,1,1,0,0,0,0,0,0,0,0,1,0,0,0,0,0,0,0,0,0,0,0,0,0,,26,1
9:00,18.02.2023,Früh,7.2,See,7,13,stark_bewölkt,leicht,liegt,nein,20,0,50,0,3,0,0,0,0,0,1,0,0,0,6,0,0,0,2,0,0,0,0,0,14,0,0,0,0,0,0,0,0,0,0,0,0,0,0,96,0
9:00,20.02.2023,Früh,8.6,See,8,8,stark_bewölkt,mäßig,liegt_nicht,nein,4,0,4,0,0,0,0,0,0,0,0,0,0,0,1,0,0,0,0,0,0,0,0,0,3,2,0,0,0,0,0,0,0,0,0,0,0,0,,12,2
9:00,21.02.2023,Früh,6.9,See,6,7,klar,Windstill,Liegt_nicht,Nein,24,0,4,0,0,0,0,0,0,0,1,0,0,0,0,0,0,0,0,0,0,0,0,0,4,0,2,0,0,0,0,0,0,0,0,0,0,0,Kohlemiseninteraktion,35,0
9:00,22.02.2023,Früh,5.12,See,5,-2,klar,windstill,liegt_nicht,nein,0,0,4,0,0,0,0,0,0,0,1,0,0,0,0,0,0,0,0,0,0,0,0,0,0,0,0,0,0,0,0,0,0,0,0,0,0,0,,5,0
9:00,23.02.2023,Früh,7.6,See,7,1,leicht_bewölkt,windstill,liegt_nicht,nein,6,0,4,0,1,0,0,0,0,0,2,0,0,0,12,0,0,0,0,0,0,0,1,0,7,2,0,0,0,0,0,0,0,0,0,0,0,0,0,33,2
9:00,24.02.2023,Früh,8.18,See,8,-1,stark_bewölkt,windstill,liegt_nicht,nein,20,1,5,0,7,0,0,0,0,0,0,0,0,0,8,3,0,0,0,0,0,0,0,0,8,4,3,0,0,0,0,0,0,0,0,0,0,0,,51,8
9:10,08.02.2023,Früh,,See,3,-10,klar,windstill,liegt,nein,35,3,29,1,5,0,0,0,0,0,0,0,0,0,0,0,0,0,0,0,0,0,1,0,0,0,0,0,0,0,0,0,0,0,0,0,0,0,,70,4
9:10,09.02.2023,Früh,,See,2,-14,klar,windstill,liegt,nein,48,1,26,3,5,0,0,0,0,0,0,0,0,0,0,0,0,0,0,0,0,0,1,0,0,0,0,0,0,0,0,0,0,0,0,0,0,0,,80,4
9:10,10.02.2023,Früh,,See,1,0,klar,windstill,liegt,nein,18,1,2,0,4,0,0,0,0,0,0,0,0,0,0,0,0,0,0,0,0,0,1,0,0,0,0,0,0,0,0,0,0,0,0,0,0,0,,25,1
9:10,11.02.2023,Früh,4.12,See,4,-1,stark_bewölkt,windstill,liegt,nein,43,1,24,1,12,1,0,0,0,0,0,0,0,0,0,0,0,0,0,0,0,0,1,0,0,0,2,0,0,0,0,0,0,0,0,0,0,0,,82,3
9:10,13.02.2023,Früh,,See,1,-3.5,klar,windstill,liegt,nein,13,0,26,0,4,0,0,0,0,0,0,0,0,0,0,0,0,0,0,0,1,0,0,0,0,0,0,0,0,0,0,0,0,0,0,0,0,0,,44,0
9:10,14.02.2023,Früh,,See,1,-4.5,klar,windstill,liegt,nein,8,0,10,0,7,0,2,0,0,0,0,0,0,0,1,0,0,0,0,0,0,0,0,0,4,4,0,0,0,0,0,0,0,0,0,0,0,0,,32,4
9:10,18.02.2023,Früh,7.2,See,7,13,stark_bewölkt,leicht,liegt,nein,6,0,4,0,1,0,0,0,0,0,0,0,0,0,3,1,0,0,0,0,0,0,0,0,20,10,0,0,0,0,0,0,0,0,0,0,0,0,0,34,11
9:10,20.02.2023,Früh,8.6,See,8,8,stark_bewölkt,mäßig,liegt_nicht,nein,13,0,0,0,0,0,0,0,0,0,0,0,0,0,1,0,0,0,0,0,0,0,0,0,1,0,0,0,0,0,0,0,0,0,0,0,0,0,,15,0
9:10,21.02.2023,Früh,6.9,See,6,7,klar,Windstill,Liegt_nicht,Nein,13,0,1,0,0,0,0,0,0,0,0,0,0,0,0,0,0,0,0,0,0,0,1,0,7,0,0,0,0,0,0,0,0,0,0,0,0,0,,22,0
9:10,22.02.2023,Früh,5.12,See,5,-2,klar,windstill,liegt_nicht,ja,13,1,4,0,0,0,0,0,0,0,1,0,0,0,2,0,0,0,0,0,0,0,0,0,4,1,0,0,0,0,0,0,0,0,0,0,0,0,,24,2
9:10,23.02.2023,Früh,7.6,See,7,1,leicht_bewölkt,windstill,liegt_nicht,nein,6,0,0,0,2,0,0,0,0,0,2,0,0,0,3,0,0,0,0,0,1,0,0,0,4,0,0,0,0,0,0,0,0,0,0,0,0,0,0,18,0
9:10,24.02.2023,Früh,8.18,See,8,-1,stark_bewölkt,windstill,liegt_nicht,nein,5,0,0,0,2,0,0,0,0,0,0,0,0,0,3,0,0,0,0,0,0,0,0,0,0,0,0,0,0,0,0,0,0,0,0,0,0,0,,10,0
9:20,08.02.2023,Früh,,See,3,-10,klar,windstill,liegt,nein,17,0,23,0,2,0,4,1,0,0,0,0,0,0,0,0,0,0,0,0,0,0,3,0,0,0,0,0,0,0,0,0,0,0,0,0,0,0,,49,1
9:20,09.02.2023,Früh,,See,2,-14,klar,windstill,liegt,nein,32,1,70,1,6,0,0,0,0,0,0,0,0,0,0,0,0,0,0,0,1,0,0,0,0,0,0,0,0,0,0,0,0,0,0,0,0,0,,109,2
9:20,10.02.2023,Früh,,See,1,0,klar,windstill,liegt,nein,9,0,10,0,2,0,0,0,0,0,0,0,0,0,0,0,0,0,0,0,0,0,0,0,5,0,2,1,0,0,0,0,0,0,0,0,0,0,,28,1
9:20,11.02.2023,Früh,4.12,See,4,-1,stark_bewölkt,windstill,liegt,nein,26,1,65,1,19,0,0,0,0,0,0,0,0,0,0,0,0,0,0,0,0,0,0,0,0,0,3,0,0,0,0,0,0,0,0,0,0,0,,113,2
9:20,13.02.2023,Früh,,See,1,-3.5,klar,windstill,liegt,nein,25,0,24,0,13,1,0,0,0,0,0,0,0,0,0,0,0,0,0,0,0,0,0,0,0,0,0,0,0,0,0,0,0,0,0,0,0,0,,62,1
9:20,14.02.2023,Früh,,See,1,-4.5,klar,windstill,liegt,nein,8,1,6,0,4,0,0,0,0,0,0,0,0,0,1,0,0,0,0,0,0,0,0,0,6,0,0,0,0,0,0,0,0,0,0,0,0,0,,25,1
9:20,18.02.2023,Früh,7.2,See,7,13,stark_bewölkt,leicht,liegt,nein,9,0,6,0,0,0,0,0,0,0,0,0,0,0,1,0,0,0,0,0,0,0,0,0,2,0,0,0,0,0,0,0,0,0,0,0,0,0,0,18,0
9:20,20.02.2023,Früh,8.6,See,8,8,stark_bewölkt,mäßig,liegt_nicht,nein,5,0,2,0,0,0,0,0,0,0,0,0,0,0,2,0,0,0,0,0,0,0,0,0,4,0,0,0,0,0,0,0,0,0,0,0,0,0,,13,0
9:20,21.02.2023,Früh,6.9,See,6,7,klar,Windstill,Liegt_nicht,Ja,1,0,7,1,2,0,0,0,0,0,1,0,0,0,2,2,0,0,0,0,0,0,0,0,3,2,0,0,0,0,0,0,0,0,0,0,0,0,Blaumeiseninteraktion,16,5
9:20,22.02.2023,Früh,5.12,See,5,-2,klar,windstill,liegt_nicht,ja,12,1,1,0,0,0,0,0,0,0,2,2,0,0,0,0,0,0,0,0,1,0,0,0,3,1,0,0,0,0,0,0,0,0,0,0,0,0,,19,4
9:20,23.02.2023,Früh,7.6,See,7,1,leicht_bewölkt,windstill,liegt_nicht,nein,3,0,0,0,0,0,0,0,0,0,0,0,0,0,5,0,0,0,0,0,0,0,0,0,9,0,0,0,0,0,0,0,0,0,0,0,0,0,0,17,0
9:20,24.02.2023,Früh,8.18,See,8,-1,stark_bewölkt,windstill,liegt_nicht,nein,5,1,0,0,0,0,0,0,0,0,0,0,0,0,6,2,0,0,0,0,0,0,0,0,0,0,0,0,0,0,0,0,0,0,0,0,0,0,,11,3
9:30,08.02.2023,Früh,,See,3,-10,klar,windstill,liegt,ja,13,0,38,2,9,1,10,0,0,0,0,0,0,0,0,0,0,0,0,0,0,0,0,0,0,0,0,0,0,0,0,0,0,0,0,0,0,0,,70,3
9:30,09.02.2023,Früh,,See,2,-14,klar,windstill,liegt,ja,14,2,20,1,3,0,0,0,0,0,0,0,0,0,0,0,0,0,0,0,1,1,1,0,0,0,0,0,0,0,0,0,0,0,0,0,0,0,,39,4
9:30,10.02.2023,Früh,,See,1,0,klar,windstill,liegt,ja,11,2,17,0,3,0,0,0,0,0,0,0,0,0,0,0,0,0,0,0,0,0,0,0,3,1,3,1,0,0,0,0,0,0,0,0,0,0,,37,4
9:30,11.02.2023,Früh,4.12,See,4,-1,stark_bewölkt,windstill,liegt,nein,33,0,23,1,6,0,0,0,0,0,1,0,0,0,0,0,0,0,0,0,2,1,3,0,0,0,0,2,0,0,0,0,0,0,0,0,0,0,,68,4
9:30,13.02.2023,Früh,,See,1,-3.5,klar,windstill,liegt,ja,12,0,14,1,3,0,1,0,0,0,0,0,0,0,0,0,0,0,0,0,0,0,0,0,4,0,0,0,0,0,0,0,0,0,0,0,0,0,,34,1
9:30,14.02.2023,Früh,,See,1,-4.5,klar,windstill,liegt,ja,11,0,5,0,8,0,0,0,0,0,0,0,0,0,0,0,0,0,0,0,0,0,0,0,0,0,0,0,0,0,0,0,0,0,0,0,0,0,,24,0
9:30,18.02.2023,Früh,7.2,See,7,13,stark_bewölkt,leicht,liegt,nein,5,1,3,1,1,0,0,0,0,0,0,0,0,0,0,0,0,0,0,0,0,0,0,0,0,0,0,0,0,0,0,0,0,0,0,0,0,0,0,9,2
9:30,20.02.2023,Früh,8.6,See,8,8,stark_bewölkt,mäßig,liegt_nicht,nein,3,1,1,0,0,0,0,0,0,0,0,0,0,0,0,2,0,0,0,0,0,0,0,0,0,2,0,0,0,0,0,0,0,0,0,0,0,0,,4,5
9:30,21.02.2023,Früh,6.9,See,6,7,klar,Windstill,Liegt_nicht,Ja,2,0,15,0,5,0,0,0,0,0,0,0,0,0,7,,0,0,0,0,0,0,0,0,8,0,0,0,0,0,0,0,0,0,0,0,0,0,Stieglitz Blaumeise Interkation + Sumpmeise Stieglitz Interaktion,37,0
9:30,22.02.2023,Früh,5.12,See,5,-2,klar,windstill,liegt_nicht,ja,5,0,11,0,0,0,0,0,0,0,1,0,0,0,2,0,0,0,0,0,0,0,0,0,9,6,0,0,0,0,0,0,0,0,0,0,0,0,,28,6
9:30,23.02.2023,Früh,7.6,See,7,1,leicht_bewölkt,windstill,liegt_nicht,nein,18,0,4,0,0,0,0,0,0,0,2,0,0,0,0,0,0,0,0,0,0,0,0,0,9,0,1,0,0,0,0,0,0,0,0,0,0,0,0,34,0
9:30,24.02.2023,Früh,8.18,See,8,-1,stark_bewölkt,windstill,liegt_nicht,nein,8,0,2,0,1,0,0,0,0,0,0,0,0,0,5,0,0,0,0,0,0,0,0,0,5,0,1,0,0,0,0,0,0,0,0,0,0,0,,22,0
9:40,08.02.2023,Früh,,See,3,-10,klar,windstill,liegt,ja,34,0,72,0,11,0,4,0,0,0,0,0,0,0,0,0,0,0,0,0,0,0,0,0,0,0,0,0,0,0,0,0,0,0,0,0,0,0,,121,0
9:40,09.02.2023,Früh,,See,2,-14,klar,windstill,liegt,ja,22,0,29,1,1,0,0,0,0,0,0,0,0,0,0,0,0,0,0,0,3,1,0,0,0,0,0,0,0,0,0,0,0,0,0,0,0,0,,55,2
9:40,10.02.2023,Früh,,See,1,0,klar,windstill,liegt,ja,36,2,9,0,9,1,0,0,0,0,0,0,0,0,0,0,0,0,0,0,0,0,0,0,1,0,1,0,0,0,0,0,0,0,0,0,0,0,,56,3
9:40,11.02.2023,Früh,4.12,See,4,-1,stark_bewölkt,windstill,liegt,nein,64,0,30,0,1,0,1,0,0,0,0,0,0,0,0,0,0,0,0,0,0,0,0,0,0,0,2,0,0,0,0,0,0,0,0,0,0,0,,98,0
9:40,13.02.2023,Früh,,See,1,-3.5,klar,windstill,liegt,ja,22,0,31,0,4,0,0,0,0,0,0,0,0,0,0,0,0,0,0,0,1,0,0,0,3,3,0,0,0,0,0,0,0,0,0,0,0,0,,61,3
9:40,14.02.2023,Früh,,See,1,-4.5,klar,windstill,liegt,ja,14,0,11,0,8,0,0,0,0,0,2,2,0,0,4,0,0,0,0,0,0,0,0,0,3,1,0,0,0,0,0,0,0,0,0,0,0,0,,42,3
9:40,18.02.2023,Früh,7.2,See,7,13,stark_bewölkt,leicht,liegt,nein,19,0,47,0,0,0,0,0,0,0,0,0,0,0,0,0,0,0,0,0,0,0,0,0,11,0,0,0,0,0,0,0,0,0,0,0,0,0,0,77,0
9:40,20.02.2023,Früh,8.6,See,8,8,stark_bewölkt,mäßig,liegt_nicht,nein,2,0,1,0,0,0,0,0,0,0,0,0,0,0,0,0,0,0,0,0,0,0,0,0,0,0,0,0,0,0,0,0,0,0,0,0,0,0,,3,0
9:40,21.02.2023,Früh,6.9,See,6,7,klar,Windstill,Liegt_nicht,Ja,2,1,2,0,4,0,0,0,0,0,0,0,0,0,0,0,0,0,0,0,0,0,0,0,0,0,0,0,0,0,0,0,0,0,0,0,0,0,,8,1
9:40,22.02.2023,Früh,5.12,See,5,-2,klar,windstill,liegt_nicht,ja,0,0,4,0,0,0,0,0,0,0,0,0,0,0,2,0,0,0,0,0,0,0,0,0,5,0,0,0,0,0,0,0,0,0,0,0,0,0,,11,0
9:40,23.02.2023,Früh,7.6,See,7,1,leicht_bewölkt,windstill,liegt_nicht,nein,0,0,1,0,0,0,0,0,0,0,0,0,0,0,0,0,0,0,0,0,0,0,0,0,0,0,0,0,0,0,0,0,0,0,0,0,0,0,0,1,0
9:40,24.02.2023,Früh,8.18,See,8,-1,stark_bewölkt,windstill,liegt_nicht,nein,10,2,0,0,7,0,0,0,0,0,0,0,0,0,3,0,0,0,0,0,0,0,0,0,0,0,0,0,0,0,0,0,0,0,0,0,0,0,,20,2
9:50,08.02.2023,Früh,,See,3,-10,klar,windstill,liegt,ja,36,1,20,0,18,0,2,1,0,0,0,0,0,0,0,0,0,0,0,0,0,0,0,0,0,0,0,0,0,0,0,0,0,0,0,0,0,0,,76,2
9:50,09.02.2023,Früh,,See,2,-14,klar,windstill,liegt,ja,24,0,55,1,10,0,0,0,0,0,0,0,0,0,0,0,0,0,0,0,0,0,2,0,1,0,0,0,0,0,0,0,0,0,0,0,0,0,,92,1
9:50,10.02.2023,Früh,,See,1,0,klar,windstill,liegt,ja,41,1,25,0,5,0,0,0,0,0,3,0,0,0,0,0,0,0,0,0,1,1,0,0,0,0,0,0,0,0,0,0,0,0,0,0,0,0,,75,2
9:50,11.02.2023,Früh,4.12,See,4,-1,stark_bewölkt,windstill,liegt,nein,36,0,12,1,5,0,1,0,0,0,0,0,0,0,0,0,0,0,0,0,0,0,2,0,0,0,0,0,0,0,0,0,0,0,0,0,0,0,,56,1
9:50,13.02.2023,Früh,,See,1,-3.5,klar,windstill,liegt,ja,6,1,16,0,6,0,2,0,0,0,0,0,0,0,0,0,0,0,0,0,0,0,0,0,4,0,0,0,0,0,0,0,0,0,0,0,0,0,,34,1
9:50,14.02.2023,Früh,,See,1,-4.5,klar,windstill,liegt,ja,9,1,45,0,4,0,2,0,0,0,0,0,0,0,0,0,0,0,0,0,0,0,1,0,8,4,0,0,0,0,0,0,0,0,0,0,0,0,,69,5
9:50,18.02.2023,Früh,7.2,See,7,13,stark_bewölkt,leicht,liegt,nein,2,0,4,0,0,0,0,0,0,0,0,0,0,0,1,1,0,0,0,0,0,0,1,0,4,3,0,0,0,0,0,0,0,0,0,0,0,0,0,12,4
9:50,20.02.2023,Früh,8.6,See,8,8,stark_bewölkt,mäßig,liegt_nicht,nein,0,0,8,1,0,0,0,0,0,0,0,0,0,0,3,3,0,0,0,0,0,0,0,0,0,0,0,0,0,0,0,0,0,0,0,0,0,0,,11,4
9:50,21.02.2023,Früh,6.9,See,6,7,klar,Windstill,Liegt_nicht,Ja,7,0,3,0,2,0,0,0,0,0,0,0,0,0,0,0,0,0,0,0,0,0,0,0,7,4,0,0,0,0,0,0,0,0,0,0,0,0,Interaktion Sumpfmeisen,19,4
9:50,22.02.2023,Früh,5.12,See,5,-2,klar,windstill,liegt_nicht,ja,10,0,2,0,0,0,0,0,0,0,0,0,0,0,0,0,0,0,0,0,0,0,0,0,0,0,0,0,0,0,0,0,0,0,0,0,0,0,,12,0
9:50,23.02.2023,Früh,7.6,See,7,1,leicht_bewölkt,windstill,liegt_nicht,nein,25,1,2,0,0,0,0,0,0,0,0,0,0,0,4,0,0,0,0,0,0,0,2,0,4,2,0,0,0,0,0,0,0,0,0,0,0,0,0,37,3
9:50,24.02.2023,Früh,8.18,See,8,-1,stark_bewölkt,windstill,liegt_nicht,nein,9,1,0,0,1,1,0,0,0,0,0,0,0,0,8,1,0,0,0,0,0,0,0,0,3,0,0,0,0,0,0,0,0,0,0,0,0,0,,21,3
10:00,08.02.2023,Früh,,See,3,-10,klar,windstill,liegt,ja,41,1,21,0,8,0,1,0,0,0,0,0,0,0,0,0,0,0,0,0,0,0,2,0,0,0,0,0,0,0,0,0,0,0,0,0,0,0,,73,1
10:00,09.02.2023,Früh,,See,2,-14,klar,windstill,liegt,ja,28,0,59,1,6,0,0,0,0,0,0,0,0,0,0,0,0,0,0,0,0,0,0,0,0,0,0,0,0,0,0,0,0,0,0,0,0,0,,93,1
10:00,10.02.2023,Früh,,See,1,0,klar,windstill,liegt,ja,18,0,18,2,7,1,0,0,0,0,0,0,0,0,0,0,0,0,0,0,1,0,0,0,0,0,0,0,0,0,0,0,0,0,0,0,0,0,,44,3
10:00,11.02.2023,Früh,4.12,See,4,-1,stark_bewölkt,windstill,liegt,nein,39,3,40,1,9,0,0,0,0,0,1,1,0,0,0,0,0,0,0,0,0,0,2,0,5,1,0,0,0,0,0,0,0,0,0,0,0,0,,96,6
10:00,13.02.2023,Früh,,See,1,-3.5,klar,windstill,liegt,ja,7,0,13,0,1,0,1,1,0,0,0,0,0,0,0,0,0,0,0,0,0,0,0,0,1,1,0,0,0,0,0,0,0,0,0,0,0,0,,23,2
10:00,14.02.2023,Früh,,See,1,-4.5,klar,windstill,liegt,ja,16,0,18,0,2,0,0,0,0,0,0,0,0,0,4,1,0,0,0,0,0,0,2,1,4,3,0,0,0,0,0,0,0,0,0,0,0,0,,46,5
10:00,18.02.2023,Früh,7.2,See,7,13,stark_bewölkt,leicht,liegt,nein,14,0,14,0,1,0,0,0,0,0,2,2,0,0,3,0,0,0,0,0,0,0,1,0,21,0,0,0,0,0,0,0,0,0,0,0,0,0,0,56,2
10:00,20.02.2023,Früh,8.6,See,8,10,stark_bewölkt,mäßig,liegt_nicht,nein,2,0,5,0,0,0,0,0,0,0,0,0,0,0,0,0,0,0,0,0,0,0,0,0,0,0,0,0,0,0,0,0,0,0,0,0,0,0,,7,0
10:00,21.02.2023,Früh,6.9,See,6,7,klar,Windstill,Liegt_nicht,Ja,12,0,11,1,0,0,0,0,0,0,0,0,0,0,0,0,0,0,0,0,0,0,0,0,3,2,0,0,0,0,0,0,0,0,0,0,0,0,,26,3
10:00,22.02.2023,Früh,5.12,See,5,-2,klar,windstill,liegt_nicht,ja,0,0,3,0,0,0,0,0,0,0,0,0,0,0,4,0,0,0,0,0,0,0,0,0,0,0,0,0,0,0,0,0,0,0,0,0,0,0,,7,0
10:00,23.02.2023,Früh,7.6,See,7,7,leicht_bewölkt,windstill,liegt_nicht,nein,8,0,0,0,0,0,0,0,0,0,0,0,0,0,2,0,0,0,0,0,0,0,0,0,11,0,1,0,0,0,0,0,0,0,0,0,0,0,0,22,0
10:00,24.02.2023,Früh,8.18,See,8,7,stark_bewölkt,windstill,liegt_nicht,nein,2,0,0,0,0,0,0,0,0,0,0,0,0,0,0,0,0,0,0,0,0,0,0,0,2,0,0,0,0,0,0,0,0,0,0,0,0,0,,4,0
11:40,17.02.2023,Mittag,5.1,See,5,12,stark_bewölkt,windstill,liegt,nein,4,0,12,0,3,0,0,0,0,0,0,0,0,0,0,0,0,0,0,0,0,0,1,0,0,0,0,0,0,0,0,0,0,0,0,0,0,0,,20,0
11:40,18.02.2023,Mittag,7.2,See,7,13,klar,windstill,liegt,ja,3,0,0,0,0,0,0,0,0,0,0,0,0,0,0,0,0,0,0,0,0,0,1,0,0,0,0,0,0,0,0,0,0,0,0,0,0,0,0,4,0
11:40,20.02.2023,Mittag,8.7,See,8,11,stark_bewölkt,windstill,liegt_nicht,nein,16,0,1,0,0,0,0,0,0,0,1,0,0,0,9,0,0,0,0,0,0,0,0,0,0,0,0,0,0,0,0,0,0,0,0,0,0,0,,27,0
11:40,21.02.2023,Mittag,6.1,See,6,10,klar,Windstill,Liegt_nicht,Ja,3,0,3,1,0,0,0,0,0,0,0,0,0,0,0,0,0,0,0,0,0,0,0,0,0,0,0,0,0,0,0,0,0,0,0,0,0,0,,6,1
11:40,22.02.2023,Mittag,5.13,See,5,11,klar,windstill,liegt_nicht,ja,8,1,9,0,0,0,0,0,0,0,0,0,0,0,0,0,0,0,0,0,0,0,0,0,1,1,0,0,0,0,0,0,0,0,0,0,0,0,,18,2
11:40,23.02.2023,Mittag,7.6,See,7,13,stark_bewölkt,windstill,liegt_nicht,nein,6,0,0,0,1,0,0,0,0,0,0,0,0,0,0,0,0,0,0,0,0,0,0,0,0,0,0,0,0,0,0,0,0,0,0,0,0,0,Interaktion 7,7,0
11:50,17.02.2023,Mittag,5.1,See,5,12,stark_bewölkt,windstill,liegt,nein,23,1,17,0,5,0,0,0,0,0,0,0,0,0,0,0,0,0,0,0,0,0,0,0,0,0,0,0,0,0,0,0,0,0,0,0,0,0,,45,1
11:50,18.02.2023,Mittag,7.2,See,7,13,klar,windstill,liegt,ja,8,0,9,1,3,0,0,0,0,0,0,0,0,0,0,0,0,0,0,0,0,0,0,0,3,0,0,0,0,0,0,0,0,0,0,0,0,0,0,23,1
11:50,20.02.2023,Mittag,8.7,See,8,11,stark_bewölkt,windstill,liegt_nicht,nein,3,1,2,0,2,0,0,0,0,0,0,1,0,0,0,5,0,0,0,0,0,0,0,0,1,0,0,0,0,0,0,0,0,0,0,0,0,0,,8,7
11:50,21.02.2023,Mittag,6.1,See,6,10,klar,Windstill,Liegt_nicht,Ja,0,0,2,1,0,0,0,0,0,0,0,0,0,0,0,0,0,0,0,0,0,0,1,1,0,0,1,1,0,0,0,0,0,0,0,0,0,0,,4,3
11:50,22.02.2023,Mittag,5.13,See,5,11,klar,windstill,liegt_nicht,ja,4,0,8,0,0,0,0,0,0,0,0,0,0,0,0,0,0,0,0,0,0,0,0,0,0,0,0,0,0,0,0,0,0,0,0,0,0,0,,12,0
11:50,23.02.2023,Mittag,7.6,See,7,13,stark_bewölkt,windstill,liegt_nicht,nein,4,0,4,0,3,0,0,0,0,0,0,0,1,0,2,1,0,0,0,0,0,0,1,0,2,2,0,0,0,0,0,0,0,0,0,0,0,0,0,17,3
11:55,07.02.2023,Mittag,4.1,See,4,1,klar,windstill,liegt,ja,13,1,21,0,0,0,4,0,0,0,0,0,0,0,0,0,0,0,0,0,0,0,0,0,0,0,0,0,0,0,0,0,0,0,0,0,0,0,,38,1
11:55,08.02.2023,Mittag,,See,3,-2,klar,windstill,liegt,ja,39,0,32,5,14,0,1,0,0,0,0,0,0,0,0,0,0,0,0,0,0,0,1,0,0,0,0,0,0,0,0,0,0,0,0,0,0,0,,87,5
11:55,09.02.2023,Mittag,,See,2,-3,klar,windstill,liegt,ja,24,0,53,0,7,0,1,0,0,0,0,0,0,0,0,0,0,0,0,0,1,0,3,0,0,0,0,0,0,0,0,0,0,0,0,0,0,0,,89,0
11:55,10.02.2023,Mittag,,See,1,1,klar,windstill,liegt,ja,7,0,12,1,2,0,3,0,0,0,0,0,0,0,0,0,0,0,0,0,0,0,0,0,0,0,0,0,0,0,0,0,0,0,0,0,0,0,,24,1
11:55,11.02.2023,Mittag,4.13,See,4,5,stark_bewölkt,windstill,liegt,nein,9,0,31,1,14,0,0,0,0,0,2,2,0,0,0,0,0,0,0,0,0,0,3,0,2,2,0,0,0,0,0,0,1,0,0,0,0,0,,62,5
11:55,13.02.2023,Mittag,,See,1,4.5,klar,windstill,liegt,ja,6,0,2,0,0,0,0,0,0,0,0,0,0,0,0,0,0,0,0,0,0,0,0,0,0,0,0,0,0,0,0,0,0,0,0,0,0,0,,8,0
12:00,17.02.2023,Mittag,5.1,See,5,12,stark_bewölkt,windstill,liegt,nein,51,0,31,0,9,0,0,0,0,0,4,0,0,0,2,0,0,0,0,0,0,0,0,0,5,0,0,0,0,0,0,0,0,0,0,0,0,0,,102,0
12:00,18.02.2023,Mittag,7.2,See,7,13,klar,windstill,liegt,ja,7,0,13,0,1,0,0,0,0,0,0,0,1,0,2,1,0,0,0,0,0,0,0,0,1,1,0,0,0,0,0,0,0,0,0,0,0,0,0,25,2
12:00,20.02.2023,Mittag,8.7,See,8,11,stark_bewölkt,windstill,liegt_nicht,nein,4,0,0,0,2,0,0,0,0,0,0,0,0,0,1,1,0,0,0,0,0,0,1,0,2,1,0,0,0,0,0,0,0,0,0,0,0,0,,10,2
12:00,21.02.2023,Mittag,6.1,See,6,10,klar,Windstill,Liegt_nicht,Ja,8,0,15,0,0,0,0,0,0,0,0,0,0,0,0,0,0,0,0,0,0,0,0,0,0,0,0,0,0,0,0,0,0,0,0,0,0,0,,23,0
12:00,22.02.2023,Mittag,5.13,See,5,11,klar,windstill,liegt_nicht,ja,6,1,4,0,2,0,0,0,0,0,0,0,0,0,2,0,0,0,0,0,0,0,0,0,0,0,0,0,0,0,0,0,0,0,0,0,0,0,,14,1
12:00,23.02.2023,Mittag,7.6,See,7,13,stark_bewölkt,windstill,liegt_nicht,nein,0,0,0,0,0,0,0,0,0,0,0,0,0,0,1,0,0,0,0,0,0,0,0,0,0,0,0,0,0,0,0,0,0,0,0,0,0,0,0,1,0
12:05,07.02.2023,Mittag,4.1,See,4,1,klar,windstill,liegt,ja,12,1,13,3,2,0,10,0,0,0,0,0,0,0,0,0,0,0,0,0,0,0,1,0,0,0,0,0,0,0,0,0,0,0,0,0,0,0,,38,4
12:05,08.02.2023,Mittag,,See,3,-2,klar,windstill,liegt,ja,41,3,58,1,14,1,9,0,0,0,0,0,0,0,0,0,0,0,0,0,0,0,1,0,0,0,0,0,0,0,0,0,0,0,0,0,0,0,,123,5
12:05,09.02.2023,Mittag,,See,2,-3,klar,windstill,liegt,ja,17,0,30,1,11,1,5,0,0,0,0,0,0,0,0,0,0,0,0,0,0,0,0,0,0,0,0,0,0,0,0,0,0,0,0,0,0,0,,63,2
12:05,10.02.2023,Mittag,,See,1,1,klar,windstill,liegt,ja,12,0,27,0,2,0,3,0,0,0,0,0,0,0,0,0,0,0,0,0,0,0,1,0,0,0,0,0,0,0,0,0,0,0,0,0,0,0,,45,0
12:05,11.02.2023,Mittag,4.13,See,4,5,stark_bewölkt,windstill,liegt,nein,22,3,26,2,12,0,0,0,0,0,1,0,0,0,0,0,0,0,0,0,0,0,2,0,13,1,2,0,0,0,0,0,6,0,0,0,0,0,,84,6
12:05,13.02.2023,Mittag,,See,1,4.5,klar,windstill,liegt,ja,10,0,0,0,1,0,0,0,0,0,0,0,0,0,0,0,0,0,0,0,0,0,0,0,0,0,0,0,0,0,0,0,0,0,0,0,0,0,,11,0
12:10,17.02.2023,Mittag,5.1,See,5,12,stark_bewölkt,windstill,liegt,nein,21,0,17,0,9,0,0,0,0,0,0,0,0,0,0,0,0,0,0,0,0,0,0,0,5,3,0,0,0,0,0,0,0,0,0,0,0,0,,52,3
12:10,18.02.2023,Mittag,7.2,See,7,13,klar,windstill,liegt,ja,1,0,6,1,0,0,0,0,0,0,0,0,0,0,3,2,0,0,0,0,0,0,0,0,1,1,0,0,0,0,0,0,0,0,0,0,0,0,0,11,4
12:10,20.02.2023,Mittag,8.7,See,8,11,stark_bewölkt,windstill,liegt_nicht,nein,1,1,2,0,3,1,0,0,0,0,0,0,0,0,1,0,0,0,0,0,0,0,0,0,0,0,0,0,0,0,0,0,0,0,0,0,0,0,,7,2
12:10,21.02.2023,Mittag,6.1,See,6,10,klar,Windstill,Liegt_nicht,Ja,0,0,0,0,0,0,0,0,0,0,0,0,0,0,0,0,0,0,0,0,0,0,0,0,0,0,0,0,0,0,0,0,0,0,0,0,0,0,,0,0
12:10,22.02.2023,Mittag,5.13,See,5,11,klar,windstill,liegt_nicht,ja,3,0,1,0,0,0,0,0,0,0,0,0,0,0,0,0,0,0,0,0,0,0,0,0,6,5,0,0,0,0,0,0,0,0,0,0,0,0,,10,5
12:10,23.02.2023,Mittag,7.6,See,7,13,stark_bewölkt,windstill,liegt_nicht,nein,0,0,0,0,0,0,0,0,0,0,2,1,0,0,3,2,0,0,0,0,0,0,0,0,8,7,2,1,0,0,0,0,0,0,0,0,0,0,0,15,11
12:15,07.02.2023,Mittag,4.1,See,4,1,klar,windstill,liegt,ja,22,2,14,0,6,0,7,0,0,0,0,0,0,0,0,0,0,0,0,0,0,0,0,0,0,0,0,0,0,0,0,0,0,0,0,0,0,0,,49,2
12:15,08.02.2023,Mittag,,See,3,-2,klar,windstill,liegt,ja,45,1,35,2,11,0,9,0,0,0,0,0,0,0,0,0,0,0,0,0,0,0,0,0,0,0,0,0,0,0,0,0,0,0,0,0,0,0,,100,3
12:15,09.02.2023,Mittag,,See,2,-3,klar,windstill,liegt,ja,19,0,41,1,5,0,1,0,0,0,0,0,0,0,0,0,0,0,0,0,1,1,0,0,0,0,0,0,0,0,0,0,0,0,0,0,0,0,,67,2
12:15,10.02.2023,Mittag,,See,1,1,klar,windstill,liegt,ja,20,0,7,0,0,0,0,0,0,0,0,0,0,0,0,0,0,0,0,0,0,0,3,1,0,0,0,0,0,0,0,0,0,0,0,0,0,0,,30,1
12:15,11.02.2023,Mittag,4.13,See,4,5,stark_bewölkt,windstill,liegt,nein,55,0,61,0,9,0,1,0,0,0,0,0,0,0,0,0,0,0,0,0,0,0,0,0,5,4,4,3,0,0,0,0,5,2,0,0,0,0,,140,9
12:15,13.02.2023,Mittag,,See,1,4.5,klar,windstill,liegt,ja,15,0,2,0,5,0,0,0,0,0,0,0,0,0,0,0,0,0,0,0,0,0,0,0,1,0,0,0,0,0,0,0,0,0,0,0,0,0,,23,0
12:20,17.02.2023,Mittag,5.1,See,5,12,stark_bewölkt,windstill,liegt,nein,26,1,5,1,3,0,0,0,0,0,0,0,0,0,0,0,0,0,0,0,0,0,0,0,2,1,0,0,0,0,0,0,0,0,0,0,0,0,,36,3
12:20,18.02.2023,Mittag,7.2,See,7,13,klar,windstill,liegt,ja,0,0,30,0,1,0,1,0,0,0,0,0,0,0,0,0,0,0,0,0,0,0,2,0,6,0,0,0,0,0,0,0,0,0,0,0,0,0,0,40,0
12:20,20.02.2023,Mittag,8.7,See,8,11,stark_bewölkt,windstill,liegt_nicht,nein,4,0,5,0,6,0,0,0,0,0,0,0,0,0,0,0,0,0,0,0,0,0,2,0,1,0,0,0,0,0,0,0,0,0,0,0,0,0,,18,0
12:20,21.02.2023,Mittag,6.1,See,6,10,klar,Windstill,Liegt_nicht,Ja,1,0,3,0,0,0,0,0,0,0,0,0,0,0,0,0,0,0,0,0,0,0,0,0,0,0,0,0,0,0,0,0,0,0,0,0,0,0,,4,0
12:20,22.02.2023,Mittag,5.13,See,5,11,klar,windstill,liegt_nicht,ja,2,0,1,1,0,0,0,0,0,0,0,0,0,0,0,0,0,0,0,0,0,0,0,0,2,1,0,0,0,0,0,0,0,0,0,0,0,0,,5,2
12:20,23.02.2023,Mittag,7.6,See,7,13,stark_bewölkt,windstill,liegt_nicht,nein,10,0,3,1,0,0,0,0,0,0,0,0,0,0,1,0,0,0,0,0,0,0,0,0,1,0,0,0,0,0,0,0,0,0,0,0,0,0,0,15,1
12:25,07.02.2023,Mittag,4.1,See,4,1,klar,windstill,liegt,ja,17,0,18,4,8,0,6,0,0,0,0,0,0,0,0,0,0,0,0,0,0,0,0,0,0,0,0,0,0,0,0,0,0,0,0,0,0,0,,49,4
12:25,08.02.2023,Mittag,,See,3,-2,klar,windstill,liegt,ja,60,1,64,1,7,0,5,0,0,0,0,0,0,0,0,0,0,0,0,0,0,0,1,0,0,0,0,0,0,0,0,0,0,0,0,0,0,0,,137,2
12:25,09.02.2023,Mittag,,See,2,-3,klar,windstill,liegt,ja,28,2,41,2,5,0,8,0,0,0,0,0,0,0,0,0,0,0,0,0,1,0,0,0,0,0,0,0,0,0,0,0,0,0,0,0,0,0,,83,4
12:25,10.02.2023,Mittag,,See,1,1,klar,windstill,liegt,ja,6,1,53,0,3,1,0,0,0,0,0,0,0,0,0,0,0,0,0,0,0,0,2,0,0,0,0,0,0,0,0,0,0,0,0,0,0,0,,64,2
12:25,11.02.2023,Mittag,4.13,See,4,5,stark_bewölkt,windstill,liegt,nein,42,0,55,2,13,0,4,0,0,0,0,0,0,0,0,0,0,0,0,0,0,0,1,0,37,1,2,0,0,0,0,0,6,0,0,0,0,0,,160,3
12:25,13.02.2023,Mittag,,See,1,4.5,klar,windstill,liegt,ja,13,0,15,0,6,0,0,0,0,0,0,0,0,0,0,0,0,0,0,0,0,0,0,0,0,0,0,0,0,0,0,0,0,0,0,0,0,0,,34,0
12:30,17.02.2023,Mittag,5.1,See,5,12,stark_bewölkt,windstill,liegt,nein,48,0,19,0,3,0,0,0,0,0,0,0,0,0,2,0,0,0,0,0,0,0,2,0,13,0,0,0,0,0,0,0,0,0,0,0,0,0,,87,0
12:30,18.02.2023,Mittag,7.2,See,7,16,klar,windstill,liegt,ja,0,0,6,0,0,0,0,0,0,0,0,0,0,0,0,0,0,0,0,0,0,0,0,0,0,0,0,0,0,0,0,0,0,0,0,0,0,0,0,6,0
12:30,20.02.2023,Mittag,8.7,See,8,13.5,stark_bewölkt,windstill,liegt_nicht,nein,5,1,5,0,1,1,0,0,0,0,1,0,0,0,3,0,0,0,0,0,0,0,0,0,1,0,1,0,0,0,0,0,0,0,0,0,0,0,,17,2
12:30,21.02.2023,Mittag,6.1,See,6,10,klar,Windstill,Liegt_nicht,Ja,2,1,0,0,0,0,0,0,0,0,0,0,0,0,0,0,0,0,0,0,0,0,0,0,0,0,0,0,0,0,0,0,0,0,0,0,0,0,,2,1
12:30,22.02.2023,Mittag,5.13,See,5,11,klar,windstill,liegt_nicht,ja,1,1,5,1,0,0,0,0,0,0,0,0,0,0,0,0,0,0,0,0,0,0,0,0,1,1,0,0,0,0,0,0,0,0,0,0,0,0,,7,3
12:30,23.02.2023,Mittag,7.6,See,7,12,stark_bewölkt,windstill,liegt_nicht,nein,12,0,4,0,3,0,0,0,0,0,0,0,0,0,0,0,0,0,0,0,0,0,1,1,5,4,0,0,0,0,0,0,0,0,0,0,0,0,0,25,5
12:35,07.02.2023,Mittag,4.1,See,4,1,klar,windstill,liegt,ja,15,0,12,2,6,0,7,0,0,0,0,0,0,0,0,0,0,0,0,0,0,0,1,0,0,0,0,0,0,0,0,0,0,0,0,0,0,0,,41,2
12:35,08.02.2023,Mittag,,See,3,-2,klar,windstill,liegt,ja,53,1,53,1,10,0,5,0,0,0,0,0,0,0,0,0,0,0,0,0,0,0,1,1,0,0,0,0,0,0,0,0,0,0,0,0,0,0,,122,3
12:35,09.02.2023,Mittag,,See,2,-3,klar,windstill,liegt,ja,40,0,42,1,17,0,6,0,0,0,0,0,0,0,0,0,0,0,0,0,0,0,0,0,0,0,0,0,0,0,0,0,0,0,0,0,0,0,,105,1
12:35,10.02.2023,Mittag,,See,1,1,klar,windstill,liegt,ja,15,1,14,0,7,1,0,0,0,0,0,0,0,0,0,0,0,0,0,0,0,0,0,0,0,0,0,0,0,0,0,0,0,0,0,0,0,0,,36,2
12:35,11.02.2023,Mittag,4.13,See,4,5,stark_bewölkt,windstill,liegt,nein,51,1,41,1,1,0,1,0,0,0,0,0,0,0,0,0,0,0,0,0,0,0,0,0,8,0,0,0,0,0,0,0,1,0,0,0,0,0,,103,2
12:35,13.02.2023,Mittag,,See,1,4.5,klar,windstill,liegt,ja,2,0,14,0,4,0,0,0,0,0,0,0,0,0,0,0,0,0,0,0,0,0,0,0,0,0,0,0,0,0,0,0,0,0,0,0,0,0,,20,0
12:45,07.02.2023,Mittag,4.1,See,4,1,klar,windstill,liegt,ja,25,0,22,1,14,0,10,1,0,0,0,0,0,0,0,0,0,0,0,0,0,0,1,0,0,0,0,0,0,0,0,0,0,0,0,0,0,0,,72,2
12:45,08.02.2023,Mittag,,See,3,-2,klar,windstill,liegt,ja,20,1,48,1,10,1,5,0,0,0,0,0,0,0,0,0,0,0,0,0,0,0,0,0,0,0,0,0,0,0,0,0,0,0,0,0,0,0,,83,3
12:45,09.02.2023,Mittag,,See,2,-3,klar,windstill,liegt,ja,12,0,45,2,6,0,13,0,0,0,0,0,0,0,0,0,0,0,0,0,0,0,1,0,0,0,0,0,0,0,0,0,0,0,0,0,0,0,,77,2
12:45,10.02.2023,Mittag,,See,1,1,klar,windstill,liegt,ja,14,0,42,0,3,0,0,0,0,0,2,0,0,0,0,0,0,0,0,0,0,0,1,0,0,0,0,0,0,0,0,0,0,0,0,0,0,0,,62,0
12:45,11.02.2023,Mittag,4.13,See,4,5,stark_bewölkt,windstill,liegt,nein,41,0,40,0,13,1,1,0,0,0,0,0,0,0,0,0,0,0,0,0,0,0,0,0,9,2,0,0,0,0,0,0,4,0,0,0,0,0,,108,3
12:45,13.02.2023,Mittag,,See,1,4.5,klar,windstill,liegt,ja,6,0,13,0,1,0,0,0,0,0,0,0,0,0,0,0,0,0,0,0,0,0,0,0,4,0,0,0,0,0,0,0,0,0,0,0,0,0,,24,0
14:55,07.02.2023,Nachmittag,4.2,See,4,3,leicht_bewölkt,windstill,liegt,ja,25,0,30,2,12,0,10,0,0,0,0,0,0,0,0,0,0,0,0,0,0,0,1,0,0,0,0,0,0,0,0,0,0,0,0,0,0,0,,78,2
14:55,08.02.2023,Nachmittag,,See,3,2,klar,windstill,liegt,ja,29,0,17,1,2,0,0,0,0,0,0,0,0,0,0,0,0,0,0,0,0,0,1,0,0,0,0,0,0,0,0,0,0,0,0,0,0,0,,49,1
14:55,09.02.2023,Nachmittag,,See,2,3,klar,windstill,liegt,ja,29,2,34,2,2,0,0,0,0,0,0,0,0,0,0,0,0,0,0,0,0,0,2,1,0,0,0,0,0,0,0,0,0,0,0,0,0,0,,67,5
14:55,10.02.2023,Nachmittag,,See,1,4,klar,windstill,liegt,ja,13,0,33,0,0,0,0,0,0,0,0,0,0,0,0,0,0,0,0,0,0,0,0,0,0,0,0,0,0,0,0,0,0,0,0,0,0,0,,46,0
14:55,11.02.2023,Nachmittag,4.14,See,4,8,stark_bewölkt,windstill,liegt,nein,15,0,21,0,13,1,5,0,0,0,1,0,0,0,0,0,0,0,0,0,0,0,0,0,18,2,0,0,0,0,0,0,8,0,0,0,0,0,,81,3
14:55,13.02.2023,Nachmittag,,See,1,6,klar,leicht,liegt,ja,7,0,7,1,3,0,0,0,0,0,0,0,0,0,0,0,0,0,0,0,0,0,0,0,1,1,0,0,0,0,0,0,0,0,0,0,0,0,,18,2
15:05,07.02.2023,Nachmittag,4.2,See,4,3,leicht_bewölkt,windstill,liegt,ja,21,0,21,2,1,0,2,0,0,0,0,0,0,0,0,0,0,0,0,0,0,0,0,0,0,0,0,0,0,0,0,0,0,0,0,0,0,0,,45,2
15:05,08.02.2023,Nachmittag,,See,3,2,klar,windstill,liegt,ja,21,0,45,0,10,0,6,0,0,0,0,0,0,0,0,0,0,0,0,0,0,0,0,0,0,0,0,0,0,0,0,0,0,0,0,0,0,0,,82,0
15:05,09.02.2023,Nachmittag,,See,2,3,klar,windstill,liegt,ja,15,1,30,0,5,0,0,0,0,0,0,0,0,0,0,0,0,0,0,0,0,0,0,0,0,0,0,0,0,0,0,0,0,0,0,0,0,0,,50,1
15:05,10.02.2023,Nachmittag,,See,1,4,klar,windstill,liegt,ja,15,0,60,0,3,0,0,0,0,0,0,0,0,0,0,0,0,0,0,0,0,0,2,0,0,0,0,0,0,0,0,0,0,0,0,0,0,0,,80,0
15:05,11.02.2023,Nachmittag,4.14,See,4,8,stark_bewölkt,windstill,liegt,nein,38,0,27,1,10,0,0,0,0,0,2,0,0,0,0,0,0,0,0,0,0,0,2,0,3,0,0,0,0,0,0,0,2,0,0,0,0,0,,84,1
15:05,13.02.2023,Nachmittag,,See,1,6,klar,leicht,liegt,ja,10,0,23,0,1,0,0,0,0,0,0,0,0,0,0,0,0,0,0,0,0,0,0,0,2,1,0,0,0,0,0,0,0,0,0,0,0,0,,36,1
15:10,17.02.2023,Nachmittag,5.2,See,5,13,stark_bewölkt,leicht,liegt,nein,1,1,1,0,2,0,0,0,0,0,0,0,0,0,0,0,0,0,0,0,0,0,0,0,1,0,0,0,0,0,0,0,0,0,0,0,0,0,,5,1
15:10,18.02.2023,Nachmittag,7.2,See,7,16,klar,windstill,liegt,ja,4,0,15,0,0,0,0,0,0,0,0,0,0,0,0,0,0,0,0,0,0,0,0,0,5,3,0,0,0,0,0,0,0,0,0,0,0,0,Interaktionen 1,24,3
15:10,20.02.2023,Nachmittag,8.8,See,8,17,leicht_bewölkt,windstill,liegt_nicht,Ja,0,0,4,0,0,0,0,0,0,0,0,0,0,0,0,0,0,0,0,0,0,0,1,0,0,0,0,0,0,0,0,0,0,0,0,0,0,0,,5,0
15:10,21.02.2023,Nachmittag,6.11,See,6,11,Klar,Leichter Wind,Liegt_nicht,Ja,0,0,0,0,0,0,0,0,0,0,0,0,0,0,0,0,0,0,0,0,0,0,0,0,0,0,0,0,0,0,0,0,0,0,0,0,0,0,,0,0
15:10,22.02.2023,Nachmittag,5.14,See,5,12,klar,leicht,liegt_nicht,ja,1,0,0,0,0,0,0,0,0,0,0,0,0,0,0,0,0,0,0,0,0,0,0,0,1,1,0,0,0,0,0,0,0,0,0,0,0,0,,2,1
15:10,23.02.2023,Nachmittag,7.6,See,7,13,stark_bewölkt,windstill,liegt_nicht,nein,24,0,5,0,2,0,0,0,0,0,0,0,0,0,0,0,0,0,0,0,0,0,0,0,1,0,0,0,0,0,0,0,0,0,0,0,0,0,Interaktikon 7,32,0
15:15,07.02.2023,Nachmittag,4.2,See,4,3,leicht_bewölkt,windstill,liegt,ja,13,0,4,0,3,0,19,0,0,0,0,0,0,0,0,0,0,0,0,0,0,0,0,0,0,0,0,0,0,0,0,0,0,0,0,0,0,0,,39,0
15:15,08.02.2023,Nachmittag,,See,3,2,klar,windstill,liegt,ja,33,0,71,1,5,0,15,0,0,0,0,0,0,0,0,0,0,0,0,0,0,0,2,0,0,0,0,0,0,0,0,0,0,0,0,0,0,0,,126,1
15:15,09.02.2023,Nachmittag,,See,2,3,klar,windstill,liegt,ja,21,1,34,1,3,0,0,0,0,0,0,0,0,0,0,0,0,0,0,0,0,0,1,0,0,0,0,0,0,0,0,0,0,0,0,0,0,0,,59,2
15:15,10.02.2023,Nachmittag,,See,1,4,klar,windstill,liegt,ja,26,1,58,1,4,0,2,0,0,0,0,0,0,0,0,0,0,0,0,0,0,0,0,0,0,0,0,0,0,0,0,0,0,0,0,0,0,0,,90,2
15:15,11.02.2023,Nachmittag,4.14,See,4,8,stark_bewölkt,windstill,liegt,nein,39,2,65,1,7,0,0,0,0,0,4,2,0,0,0,0,0,0,0,0,0,0,0,0,1,0,1,0,0,0,0,0,0,0,0,0,0,0,,117,5
15:15,13.02.2023,Nachmittag,,See,1,6,klar,leicht,liegt,ja,9,0,27,0,5,0,1,0,0,0,0,0,0,0,0,0,0,0,0,0,0,0,0,0,5,0,0,0,0,0,0,0,0,0,0,0,0,0,,47,0
15:20,17.02.2023,Nachmittag,5.2,See,5,13,stark_bewölkt,leicht,liegt,nein,18,1,2,0,1,0,0,0,0,0,0,0,0,0,0,0,0,0,0,0,0,0,0,0,0,0,0,0,0,0,0,0,0,0,0,0,0,0,,21,1
15:20,18.02.2023,Nachmittag,7.2,See,7,16,klar,windstill,liegt,ja,0,0,0,0,0,0,0,0,0,0,0,0,0,0,0,0,0,0,0,0,0,0,0,0,0,0,0,0,0,0,0,0,0,0,0,0,0,0,0,0,0
15:20,20.02.2023,Nachmittag,8.8,See,8,17,leicht_bewölkt,windstill,liegt_nicht,Ja,0,0,4,0,3,0,0,0,0,0,0,0,0,0,0,0,0,0,0,0,0,0,0,0,0,0,0,0,0,0,0,0,0,0,0,0,0,0,,7,0
15:20,21.02.2023,Nachmittag,6.11,See,6,11,Klar,Leichter Wind,Liegt_nicht,Ja,0,0,6,0,0,0,0,0,0,0,0,0,0,0,0,0,0,0,0,0,0,0,1,0,1,0,0,0,0,0,0,0,0,0,0,0,0,0,,8,0
15:20,22.02.2023,Nachmittag,5.14,See,5,12,klar,leicht,liegt_nicht,ja,6,0,0,0,0,0,0,0,0,0,0,0,0,0,0,0,0,0,0,0,0,0,0,0,0,0,0,0,0,0,0,0,0,0,0,0,0,0,,6,0
15:20,23.02.2023,Nachmittag,7.6,See,7,13,stark_bewölkt,windstill,liegt_nicht,nein,6,0,3,0,0,0,0,0,0,0,0,0,0,0,0,0,0,0,0,0,0,0,0,0,3,3,0,0,0,0,0,0,0,0,0,0,0,0,0,12,3
15:25,07.02.2023,Nachmittag,4.2,See,4,3,leicht_bewölkt,windstill,liegt,ja,17,0,15,1,8,0,3,0,0,0,0,0,0,0,0,0,0,0,0,0,0,0,0,0,0,0,0,0,0,0,0,0,0,0,0,0,0,0,,43,1
15:25,08.02.2023,Nachmittag,,See,3,2,klar,windstill,liegt,ja,40,1,33,1,5,0,8,0,0,0,0,0,0,0,0,0,0,0,0,0,0,0,1,1,0,0,0,0,0,0,0,0,0,0,0,0,0,0,,87,3
15:25,09.02.2023,Nachmittag,,See,2,3,klar,windstill,liegt,ja,45,0,50,0,1,0,0,0,0,0,0,0,0,0,0,0,0,0,0,0,0,0,0,0,0,0,0,0,0,0,0,0,0,0,0,0,0,0,,96,0
15:25,10.02.2023,Nachmittag,,See,1,4,klar,windstill,liegt,ja,26,0,32,0,1,0,0,0,0,0,0,0,0,0,0,0,0,0,0,0,0,0,2,0,0,0,0,0,0,0,0,0,0,0,0,0,0,0,,61,0
15:25,11.02.2023,Nachmittag,4.14,See,4,8,stark_bewölkt,windstill,liegt,nein,38,1,20,1,7,2,0,0,0,0,0,0,0,0,0,0,0,0,0,0,0,0,0,0,0,0,1,1,0,0,0,0,0,0,0,0,0,0,,66,5
15:25,13.02.2023,Nachmittag,,See,1,6,klar,leicht,liegt,ja,6,0,31,0,4,0,0,0,0,0,0,0,0,0,0,0,0,0,0,0,0,0,0,0,0,0,0,0,0,0,0,0,0,0,0,0,0,0,,41,0
15:30,17.02.2023,Nachmittag,5.2,See,5,13,stark_bewölkt,leicht,liegt,nein,54,0,27,0,10,0,0,0,0,0,0,0,0,0,0,0,0,0,0,0,0,0,1,0,1,0,0,0,0,0,0,0,0,0,0,0,0,0,,93,0
15:30,18.02.2023,Nachmittag,7.2,See,7,16,klar,windstill,liegt,ja,1,0,5,0,0,0,0,0,0,0,0,0,0,0,0,0,0,0,0,0,0,0,0,0,0,0,0,0,0,0,0,0,0,0,0,0,0,0,0,6,0
15:30,20.02.2023,Nachmittag,8.8,See,8,17,leicht_bewölkt,windstill,liegt_nicht,Ja,1,0,1,0,0,0,0,0,0,0,0,0,0,0,0,0,0,0,0,0,0,0,0,0,0,0,0,0,0,0,0,0,0,0,0,0,0,0,,2,0
15:30,21.02.2023,Nachmittag,6.11,See,6,11,Klar,Leichter Wind,Liegt_nicht,Ja,1,0,7,0,0,0,0,0,0,0,0,0,0,0,0,0,0,0,0,0,0,0,1,0,0,0,0,0,0,0,0,0,0,0,0,0,0,0,,9,0
15:30,22.02.2023,Nachmittag,5.14,See,5,12,klar,leicht,liegt_nicht,ja,5,0,0,0,0,0,0,0,0,0,0,0,0,0,0,0,0,0,0,0,0,0,0,0,0,0,0,0,0,0,0,0,0,0,0,0,0,0,,5,0
15:30,23.02.2023,Nachmittag,7.6,See,7,13,stark_bewölkt,windstill,liegt_nicht,nein,18,0,7,0,0,0,0,0,0,0,0,0,0,0,0,0,0,0,0,0,0,0,0,0,8,2,1,0,0,0,0,0,0,0,0,0,0,0,0,34,2
15:35,07.02.2023,Nachmittag,4.2,See,4,3,leicht_bewölkt,windstill,liegt,ja,29,2,20,1,8,0,2,0,0,0,0,0,0,0,0,0,0,0,0,0,0,0,3,0,0,0,0,0,0,0,0,0,0,0,0,0,0,0,,62,3
15:35,08.02.2023,Nachmittag,,See,3,2,klar,windstill,liegt,ja,32,0,33,0,10,0,15,1,0,0,0,0,0,0,0,0,0,0,0,0,0,0,1,0,0,0,0,0,0,0,0,0,0,0,0,0,0,0,,91,1
15:35,09.02.2023,Nachmittag,,See,2,3,klar,windstill,liegt,ja,36,4,39,3,0,0,0,0,0,0,0,0,0,0,0,0,0,0,0,0,0,0,0,0,0,0,0,0,0,0,0,0,0,0,0,0,0,0,,75,7
15:35,10.02.2023,Nachmittag,,See,1,4,klar,windstill,liegt,ja,19,1,24,0,2,0,0,0,0,0,2,0,0,0,0,0,0,0,0,0,0,0,1,0,0,0,1,0,0,0,0,0,0,0,0,0,0,0,,49,1
15:35,11.02.2023,Nachmittag,4.14,See,4,8,stark_bewölkt,windstill,liegt,nein,29,0,66,1,9,0,2,0,0,0,0,0,0,0,0,0,0,0,0,0,0,0,2,0,3,0,3,0,0,0,0,0,6,0,0,0,0,0,,120,1
15:35,13.02.2023,Nachmittag,,See,1,6,klar,leicht,liegt,ja,8,0,11,0,1,0,0,0,0,0,0,0,0,0,0,0,0,0,0,0,0,0,0,0,0,0,0,0,0,0,0,0,0,0,0,0,0,0,,20,0
15:40,17.02.2023,Nachmittag,5.2,See,5,13,stark_bewölkt,leicht,liegt,nein,48,0,26,0,2,0,0,0,0,0,0,0,0,0,0,0,0,0,0,0,0,0,0,0,3,2,0,0,0,0,0,0,0,0,0,0,0,0,,79,2
15:40,18.02.2023,Nachmittag,7.2,See,7,16,klar,windstill,liegt,ja,1,0,5,0,0,0,0,0,0,0,0,0,0,0,0,0,0,0,0,0,0,0,0,0,0,0,0,0,0,0,0,0,0,0,0,0,0,0,0,6,0
15:40,20.02.2023,Nachmittag,8.8,See,8,17,leicht_bewölkt,windstill,liegt_nicht,Ja,0,0,0,0,0,0,0,0,0,0,0,0,0,0,0,0,0,0,0,0,0,0,0,0,0,0,0,0,0,0,0,0,0,0,0,0,0,0,Störung_15:38,0,0
15:40,21.02.2023,Nachmittag,6.11,See,6,11,Klar,Leichter Wind,Liegt_nicht,Ja,6,0,8,0,0,0,0,0,0,0,0,0,0,0,0,0,0,0,0,0,0,0,0,0,0,0,0,0,0,0,0,0,0,0,0,0,0,0,,14,0
15:40,22.02.2023,Nachmittag,5.14,See,5,12,klar,leicht,liegt_nicht,ja,2,0,0,0,0,0,0,0,0,0,0,0,0,0,0,0,0,0,0,0,0,0,0,0,0,0,0,0,0,0,0,0,0,0,0,0,0,0,,2,0
15:40,23.02.2023,Nachmittag,7.6,See,7,13,stark_bewölkt,windstill,liegt_nicht,nein,20,1,5,0,0,0,0,0,0,0,0,0,0,0,1,0,0,0,0,0,0,0,0,0,5,0,0,0,0,0,0,0,0,0,0,0,0,0,0,31,1
15:45,07.02.2023,Nachmittag,4.2,See,4,3,leicht_bewölkt,windstill,liegt,ja,13,1,15,3,11,0,0,0,0,0,0,0,0,0,0,0,0,0,0,0,0,0,2,0,0,0,0,0,0,0,0,0,0,0,0,0,0,0,,41,4
15:45,08.02.2023,Nachmittag,,See,3,2,klar,windstill,liegt,ja,31,1,34,2,4,0,5,0,0,0,0,0,0,0,0,0,0,0,0,0,0,0,0,0,0,0,0,0,0,0,0,0,0,0,0,0,0,0,,74,3
15:45,09.02.2023,Nachmittag,,See,2,3,klar,windstill,liegt,ja,37,0,60,1,0,0,0,0,0,0,0,0,0,0,0,0,0,0,0,0,0,0,0,0,0,0,0,0,0,0,0,0,0,0,0,0,0,0,,97,1
15:45,10.02.2023,Nachmittag,,See,1,4,klar,windstill,liegt,ja,10,1,36,0,2,0,0,0,0,0,2,0,0,0,0,0,0,0,0,0,0,0,0,0,0,0,0,0,0,0,0,0,0,0,0,0,0,0,,50,1
15:45,11.02.2023,Nachmittag,4.14,See,4,8,stark_bewölkt,windstill,liegt,nein,40,2,84,0,10,0,1,0,0,0,2,0,0,0,0,0,0,0,0,0,1,0,2,0,3,0,0,0,0,0,0,0,1,1,0,0,0,0,,144,3
15:45,13.02.2023,Nachmittag,,See,1,6,klar,leicht,liegt,ja,8,0,26,1,3,0,0,0,0,0,0,0,0,0,0,0,0,0,0,0,0,0,0,0,2,1,0,0,0,0,0,0,0,0,0,0,0,0,,39,2
15:50,17.02.2023,Nachmittag,5.2,See,5,13,stark_bewölkt,leicht,liegt,nein,41,0,11,0,1,0,0,0,0,0,0,0,0,0,0,0,0,0,0,0,0,0,0,0,9,3,0,0,0,0,0,0,0,0,0,0,0,0,,62,3
15:50,18.02.2023,Nachmittag,7.2,See,7,16,klar,windstill,liegt,ja,1,1,15,0,0,0,0,0,0,0,0,0,0,0,0,0,0,0,0,0,0,0,1,0,0,0,0,0,0,0,0,0,0,0,0,0,0,0,0,17,1
15:50,20.02.2023,Nachmittag,8.8,See,8,17,leicht_bewölkt,windstill,liegt_nicht,Ja,2,0,4,0,0,0,0,0,0,0,0,0,0,0,0,0,0,0,0,0,0,0,0,0,0,0,0,0,0,0,0,0,0,0,0,0,0,0,Störung_bis_15:44,6,0
15:50,21.02.2023,Nachmittag,6.11,See,6,11,Klar,Leichter Wind,Liegt_nicht,Ja,0,0,0,0,0,0,0,0,0,0,0,0,0,0,0,0,0,0,0,0,0,0,0,0,0,0,0,0,0,0,0,0,0,0,0,0,0,0,,0,0
15:50,22.02.2023,Nachmittag,5.14,See,5,12,klar,leicht,liegt_nicht,ja,2,0,0,0,0,0,0,0,0,0,0,0,0,0,0,0,0,0,0,0,0,0,0,0,0,0,0,0,0,0,0,0,0,0,0,0,0,0,,2,0
15:50,23.02.2023,Nachmittag,7.6,See,7,13,stark_bewölkt,windstill,liegt_nicht,nein,10,0,1,0,0,0,0,0,0,0,1,0,0,0,4,1,0,0,0,0,0,0,0,0,10,2,0,0,0,0,0,0,0,0,0,0,0,0,0,26,3
15:55,07.02.2023,Nachmittag,4.2,See,4,3,leicht_bewölkt,windstill,liegt,ja,15,0,15,0,1,0,3,0,0,0,0,0,0,0,0,0,0,0,0,0,0,0,0,0,0,0,0,0,0,0,0,0,0,0,0,0,0,0,,34,0
15:55,08.02.2023,Nachmittag,,See,3,2,klar,windstill,liegt,ja,46,0,77,1,9,0,4,0,0,0,0,0,0,0,0,0,0,0,0,0,1,0,0,0,0,0,0,0,0,0,0,0,0,0,0,0,0,0,,137,1
15:55,09.02.2023,Nachmittag,,See,2,3,klar,windstill,liegt,ja,34,1,50,2,1,0,0,0,0,0,0,0,0,0,0,0,0,0,0,0,2,0,2,0,0,0,0,0,0,0,0,0,0,0,0,0,0,0,,89,3
15:55,10.02.2023,Nachmittag,,See,1,4,klar,windstill,liegt,ja,13,0,30,1,1,0,0,0,0,0,1,0,0,0,0,0,0,0,0,0,0,0,1,0,0,0,0,0,0,0,0,0,0,0,0,0,0,0,,46,1
15:55,11.02.2023,Nachmittag,4.14,See,4,8,stark_bewölkt,windstill,liegt,nein,30,0,22,0,1,0,0,0,0,0,0,0,0,0,0,0,0,0,0,0,0,0,0,0,1,0,0,0,0,0,0,0,0,0,0,0,0,0,,54,0
15:55,13.02.2023,Nachmittag,,See,1,6,klar,leicht,liegt,ja,8,0,19,1,3,0,0,0,0,0,0,0,0,0,0,0,0,0,0,0,0,0,0,0,2,2,0,0,0,0,0,0,0,0,0,0,0,0,,32,3
16:00,17.02.2023,Nachmittag,5.2,See,5,13,stark_bewölkt,leicht,liegt,nein,18,0,19,1,4,0,0,0,0,0,3,0,0,0,0,0,0,0,0,0,0,0,0,0,9,1,0,0,0,0,0,0,0,0,0,0,0,0,,53,2
16:00,18.02.2023,Nachmittag,7.2,See,7,16,klar,windstill,liegt,ja,0,0,3,0,0,0,0,0,0,0,0,0,0,0,0,0,0,0,0,0,0,0,0,0,0,0,0,0,0,0,0,0,0,0,0,0,0,0,0,3,0
16:00,20.02.2023,Nachmittag,8.8,See,8,17,leicht_bewölkt,windstill,liegt_nicht,Ja,0,0,2,0,0,0,0,0,0,0,0,0,0,0,0,0,0,0,0,0,0,0,0,0,0,0,0,0,0,0,0,0,0,0,0,0,0,0,,2,0
16:00,21.02.2023,Nachmittag,6.11,See,6,11,Klar,Leichter Wind,Liegt_nicht,Ja,3,0,2,0,0,0,0,0,0,0,0,0,0,0,0,0,0,0,0,0,0,0,0,0,0,0,0,0,0,0,0,0,0,0,0,0,0,0,,5,0
16:00,22.02.2023,Nachmittag,5.14,See,5,12,klar,leicht,liegt_nicht,ja,0,0,0,0,0,0,0,0,0,0,0,0,0,0,0,0,0,0,0,0,0,0,0,0,0,0,0,0,0,0,0,0,0,0,0,0,0,0,,0,0
16:00,23.02.2023,Nachmittag,7.6,See,7,13,stark_bewölkt,windstill,liegt_nicht,nein,9,1,10,0,1,0,0,0,0,0,2,0,0,0,1,0,0,0,0,0,0,0,0,0,2,0,0,0,0,0,0,0,0,0,0,0,1,0,0,26,1
16:05,07.02.2023,Nachmittag,4.2,See,4,3,leicht_bewölkt,windstill,liegt,ja,31,0,39,3,5,0,11,0,0,0,0,0,0,0,0,0,0,0,0,0,0,0,0,0,0,0,0,0,0,0,0,0,0,0,0,0,0,0,,86,3
16:05,08.02.2023,Nachmittag,,See,3,2,klar,windstill,liegt,ja,40,2,43,1,7,0,3,0,0,0,0,0,0,0,0,0,0,0,0,0,0,0,1,0,0,0,0,0,0,0,0,0,0,0,0,0,0,0,,94,3
16:05,09.02.2023,Nachmittag,,See,2,3,klar,windstill,liegt,ja,67,0,59,3,1,0,0,0,0,0,0,0,0,0,0,0,0,0,0,0,0,0,4,0,0,0,0,0,0,0,0,0,0,0,0,0,0,0,,131,3
16:05,10.02.2023,Nachmittag,,See,1,4,klar,windstill,liegt,ja,16,0,39,0,4,0,4,0,0,0,0,0,0,0,0,0,0,0,0,0,0,0,0,0,0,0,3,1,0,0,0,0,0,0,0,0,0,0,,66,1
16:05,11.02.2023,Nachmittag,4.14,See,4,8,stark_bewölkt,windstill,liegt,nein,8,0,12,0,0,0,0,0,0,0,0,0,0,0,0,0,0,0,0,0,0,0,0,0,0,0,0,0,0,0,0,0,0,0,0,0,0,0,,20,0
16:05,13.02.2023,Nachmittag,,See,1,6,klar,leicht,liegt,ja,6,0,17,0,1,0,0,0,0,0,0,0,0,0,0,0,0,0,0,0,0,0,0,0,0,0,0,0,0,0,0,0,0,0,0,0,0,0,,24,0
16:10,17.02.2023,Nachmittag,5.2,See,5,13,stark_bewölkt,leicht,liegt,nein,24,0,15,0,0,0,0,0,0,0,0,0,0,0,2,0,0,0,0,0,0,0,0,0,0,0,0,0,0,0,0,0,0,0,0,0,0,0,,41,0
16:10,18.02.2023,Nachmittag,7.2,See,7,16,klar,windstill,liegt,ja,1,0,8,0,1,0,0,0,0,0,0,0,0,0,0,0,0,0,0,0,0,0,0,0,1,0,0,0,0,0,0,0,0,0,0,0,0,0,0,11,0
16:10,20.02.2023,Nachmittag,8.8,See,8,17,leicht_bewölkt,windstill,liegt_nicht,Ja,0,0,0,0,0,0,0,0,0,0,0,0,0,0,0,0,0,0,0,0,0,0,0,0,0,0,0,0,0,0,0,0,0,0,0,0,0,0,,0,0
16:10,21.02.2023,Nachmittag,6.11,See,6,11,Klar,Leichter Wind,Liegt_nicht,Ja,1,0,2,0,0,0,0,0,0,0,0,0,0,0,0,0,0,0,0,0,0,0,0,0,0,0,0,0,0,0,0,0,0,0,0,0,0,0,,3,0
16:10,22.02.2023,Nachmittag,5.14,See,5,12,klar,leicht,liegt_nicht,ja,0,0,2,0,0,0,0,0,0,0,0,0,0,0,0,0,0,0,0,0,0,0,0,0,1,0,0,0,0,0,0,0,0,0,0,0,0,0,,3,0
16:10,23.02.2023,Nachmittag,7.6,See,7,13,stark_bewölkt,windstill,liegt_nicht,nein,3,0,1,0,2,0,0,0,0,0,0,0,0,0,0,0,0,0,0,0,0,0,0,0,0,0,0,0,0,0,0,0,0,0,0,0,0,0,0,6,0
16:15,07.02.2023,Nachmittag,4.2,See,4,3,leicht_bewölkt,windstill,liegt,ja,48,0,55,3,8,0,4,0,0,0,0,0,0,0,0,0,0,0,0,0,0,0,3,0,0,0,0,0,0,0,0,0,0,0,0,0,0,0,,118,3
16:15,08.02.2023,Nachmittag,,See,3,2,klar,windstill,liegt,ja,56,2,44,2,6,0,6,0,0,0,0,0,0,0,0,0,0,0,0,0,0,0,1,0,0,0,0,0,0,0,0,0,0,0,0,0,0,0,,113,4
16:15,09.02.2023,Nachmittag,,See,2,3,klar,windstill,liegt,ja,33,1,67,1,4,0,0,0,0,0,0,0,0,0,0,0,0,0,0,0,0,0,0,0,0,0,2,0,0,0,0,0,0,0,0,0,0,0,,106,2
16:15,10.02.2023,Nachmittag,,See,1,4,klar,windstill,liegt,ja,20,2,18,0,1,0,0,0,0,0,0,0,0,0,0,0,0,0,0,0,0,0,0,0,0,0,0,0,0,0,0,0,0,0,0,0,0,0,,39,2
16:15,11.02.2023,Nachmittag,4.14,See,4,8,stark_bewölkt,windstill,liegt,nein,15,0,23,0,2,0,0,0,0,0,0,0,0,0,0,0,0,0,0,0,0,0,0,0,0,0,0,0,0,0,0,0,1,0,0,0,0,0,,41,0
16:15,13.02.2023,Nachmittag,,See,1,6,klar,leicht,liegt,ja,17,0,28,0,1,0,0,0,0,0,0,0,0,0,1,0,0,0,0,0,0,0,0,0,7,3,0,0,0,0,0,0,0,0,0,0,0,0,,54,3
16:20,17.02.2023,Nachmittag,5.2,See,5,13,stark_bewölkt,leicht,liegt,nein,32,1,15,1,3,0,0,0,0,0,0,0,0,0,0,0,0,0,0,0,0,0,1,0,0,0,0,0,0,0,0,0,0,0,0,0,0,0,,51,2
16:20,18.02.2023,Nachmittag,7.2,See,7,16,klar,windstill,liegt,ja,3,0,5,1,0,0,0,0,0,0,0,0,0,0,0,0,0,0,0,0,0,0,0,0,0,0,0,0,0,0,0,0,0,0,0,0,0,0,0,8,1
16:20,20.02.2023,Nachmittag,8.8,See,8,17,leicht_bewölkt,windstill,liegt_nicht,Ja,4,0,3,0,0,0,0,0,0,0,0,0,0,0,0,0,0,0,0,0,0,0,0,0,0,0,0,0,0,0,0,0,0,0,0,0,0,0,,7,0
16:20,21.02.2023,Nachmittag,6.11,See,6,11,Klar,Leichter Wind,Liegt_nicht,Ja,5,0,16,0,0,0,0,0,0,0,0,0,0,0,0,0,0,0,0,0,0,0,0,0,0,0,0,0,0,0,0,0,0,0,0,0,0,0,,21,0
16:20,22.02.2023,Nachmittag,5.14,See,5,12,klar,leicht,liegt_nicht,ja,1,0,1,0,0,0,0,0,0,0,0,0,0,0,0,0,0,0,0,0,0,0,0,0,0,0,0,0,0,0,0,0,0,0,0,0,0,0,,2,0
16:20,23.02.2023,Nachmittag,7.6,See,7,13,stark_bewölkt,windstill,liegt_nicht,nein,10,0,4,0,2,0,0,0,0,0,2,0,0,0,3,0,0,0,0,0,0,0,0,0,3,0,5,0,0,0,0,0,0,0,0,0,0,0,0,29,0
16:25,07.02.2023,Nachmittag,4.2,See,4,3,leicht_bewölkt,windstill,liegt,ja,20,0,12,0,6,0,7,0,0,0,0,0,0,0,0,0,0,0,0,0,0,0,0,0,0,0,0,0,0,0,0,0,0,0,0,0,0,0,,45,0
16:25,08.02.2023,Nachmittag,,See,3,2,klar,windstill,liegt,nein,50,0,67,1,14,0,6,0,0,0,0,0,0,0,0,0,0,0,0,0,0,0,1,0,0,0,0,0,0,0,0,0,0,0,0,0,0,0,,138,1
16:25,09.02.2023,Nachmittag,,See,2,3,klar,windstill,liegt,ja,44,0,76,1,5,0,8,0,0,0,0,0,0,0,0,0,0,0,0,0,1,0,1,0,0,0,0,0,0,0,0,0,0,0,0,0,0,0,,135,1
16:25,10.02.2023,Nachmittag,,See,1,4,klar,windstill,liegt,nein,26,0,16,1,0,0,0,0,0,0,0,0,0,0,0,0,0,0,0,0,0,0,1,0,0,0,1,1,0,0,0,0,0,0,0,0,0,0,,44,2
16:25,11.02.2023,Nachmittag,4.14,See,4,8,stark_bewölkt,windstill,liegt,nein,50,1,70,4,8,1,0,0,0,0,0,0,0,0,0,0,0,0,0,0,0,0,0,0,0,0,1,1,0,0,0,0,0,0,0,0,0,0,,129,7
16:25,13.02.2023,Nachmittag,,See,1,6,klar,leicht,liegt,nein,23,2,17,1,5,0,2,0,0,0,0,0,0,0,0,0,0,0,0,0,0,0,0,0,3,0,2,1,0,0,0,0,0,0,0,0,0,0,,52,4
16:30,17.02.2023,Nachmittag,5.2,See,5,13,stark_bewölkt,leicht,liegt,nein,37,0,16,0,1,0,0,0,0,0,0,0,0,0,0,0,0,0,0,0,0,0,2,0,0,0,0,0,0,0,0,0,0,0,0,0,0,0,,56,0
16:30,18.02.2023,Nachmittag,7.2,See,7,16,klar,windstill,liegt,ja,7,0,6,0,0,0,0,0,0,0,1,0,0,0,0,0,0,0,0,0,0,0,0,0,0,0,0,0,0,0,0,0,0,0,0,0,0,0,0,14,0
16:30,20.02.2023,Nachmittag,8.8,See,8,17,leicht_bewölkt,windstill,liegt_nicht,Ja,7,0,2,0,0,0,0,0,0,0,0,0,0,0,0,0,0,0,0,0,0,0,0,0,0,0,0,0,0,0,0,0,0,0,0,0,0,0,Störung_16:27,9,0
16:30,21.02.2023,Nachmittag,6.11,See,6,11,Klar,Leichter Wind,Liegt_nicht,Ja,5,0,2,0,0,0,0,0,0,0,0,0,0,0,0,0,0,0,0,0,0,0,0,0,0,0,0,0,0,0,0,0,0,0,0,0,0,0,,7,0
16:30,22.02.2023,Nachmittag,5.14,See,5,12,klar,leicht,liegt_nicht,ja,0,0,2,1,0,0,0,0,0,0,2,2,0,0,0,0,0,0,0,0,0,0,0,0,0,0,1,0,0,0,0,0,0,0,0,0,0,0,,5,3
16:30,23.02.2023,Nachmittag,7.6,See,7,13,stark_bewölkt,windstill,liegt_nicht,nein,14,0,4,0,6,0,0,0,0,0,2,0,0,0,4,2,0,0,0,0,0,0,0,0,3,0,2,0,0,0,0,0,0,0,0,0,0,0,0,35,2
16:35,07.02.2023,Nachmittag,4.2,See,4,3,leicht_bewölkt,windstill,liegt,ja,26,0,36,3,6,0,9,0,0,0,0,0,0,0,0,0,0,0,0,0,0,0,0,0,0,0,0,0,0,0,0,0,0,0,0,0,0,0,,77,3
16:35,08.02.2023,Nachmittag,,See,3,2,klar,windstill,liegt,nein,23,0,44,2,17,1,3,0,0,0,0,0,0,0,0,0,0,0,0,0,0,0,0,0,0,0,0,0,0,0,0,0,0,0,0,0,0,0,,87,3
16:35,09.02.2023,Nachmittag,,See,2,3,klar,windstill,liegt,ja,43,1,42,0,11,0,1,0,0,0,0,0,0,0,0,0,0,0,0,0,0,0,2,0,0,0,0,0,0,0,0,0,0,0,0,0,0,0,,99,1
16:35,10.02.2023,Nachmittag,,See,1,4,klar,windstill,liegt,nein,9,0,16,0,10,0,0,0,0,0,0,0,0,0,0,0,0,0,0,0,0,0,0,0,0,0,0,0,0,0,0,0,0,0,0,0,0,0,,35,0
16:35,11.02.2023,Nachmittag,4.14,See,4,8,stark_bewölkt,windstill,liegt,nein,27,0,29,0,22,0,0,0,0,0,0,0,0,0,0,0,0,0,0,0,0,0,0,0,0,0,1,0,0,0,0,0,0,0,0,0,0,0,,79,0
16:35,13.02.2023,Nachmittag,,See,1,6,klar,leicht,liegt,nein,10,0,28,1,3,0,0,0,0,0,2,0,0,0,0,0,0,0,0,0,0,0,0,0,0,0,0,0,0,0,0,0,0,0,0,0,0,0,,43,1
16:40,17.02.2023,Nachmittag,5.2,See,5,13,stark_bewölkt,leicht,liegt,nein,10,0,13,0,2,0,0,0,0,0,1,0,0,0,0,0,0,0,0,0,0,0,0,0,0,0,0,0,0,0,0,0,0,0,0,0,0,0,,26,0
16:40,18.02.2023,Nachmittag,7.2,See,7,16,klar,windstill,liegt,ja,0,0,8,0,0,0,0,0,0,0,0,0,0,0,0,0,0,0,0,0,0,0,3,0,0,0,0,0,0,0,0,0,0,0,0,0,0,0,0,11,0
16:40,20.02.2023,Nachmittag,8.8,See,8,17,leicht_bewölkt,windstill,liegt_nicht,Ja,10,0,4,0,1,0,0,0,0,0,0,0,0,0,0,0,0,0,0,0,0,0,0,0,0,0,1,0,0,0,0,0,0,0,0,0,0,0,Störung_16:40,16,0
16:40,21.02.2023,Nachmittag,6.11,See,6,11,Klar,Leichter Wind,Liegt_nicht,Ja,4,0,5,0,0,0,0,0,0,0,0,0,0,0,0,0,0,0,0,0,0,0,0,0,0,0,1,1,0,0,0,0,0,0,0,0,0,0,Interaktion Kohlmeise verjagt Kohlmeise,10,1
16:40,22.02.2023,Nachmittag,5.14,See,5,12,klar,leicht,liegt_nicht,ja,0,0,0,0,0,0,0,0,0,0,0,0,0,0,0,0,0,0,0,0,0,0,0,0,0,0,1,0,0,0,0,0,0,0,0,0,0,0,,1,0
16:40,23.02.2023,Nachmittag,7.6,See,7,13,stark_bewölkt,windstill,liegt_nicht,nein,20,0,0,0,0,0,0,0,0,0,3,2,0,0,0,1,0,0,0,0,0,0,0,0,0,0,0,0,0,0,0,0,0,0,0,0,0,0,0,23,3
16:45,07.02.2023,Nachmittag,4.2,See,4,3,leicht_bewölkt,windstill,liegt,ja,40,1,15,0,9,0,15,1,0,0,0,0,0,0,0,0,0,0,0,0,0,0,5,0,0,0,0,0,0,0,0,0,0,0,0,0,0,0,,84,2
16:45,08.02.2023,Nachmittag,,See,3,2,klar,windstill,liegt,nein,11,0,7,1,10,0,3,0,0,0,0,0,0,0,0,0,0,0,0,0,0,0,6,0,0,0,0,0,0,0,0,0,0,0,0,0,0,0,,37,1
16:45,09.02.2023,Nachmittag,,See,2,3,klar,windstill,liegt,ja,21,1,21,2,4,0,0,0,0,0,0,0,0,0,0,0,0,0,0,0,0,0,0,0,0,0,0,0,0,0,0,0,0,0,0,0,0,0,,46,3
16:45,10.02.2023,Nachmittag,,See,1,4,klar,windstill,liegt,nein,21,1,43,2,5,0,0,0,0,0,0,0,0,0,0,0,0,0,0,0,0,0,3,1,0,0,0,0,0,0,0,0,0,0,0,0,0,0,,72,4
16:45,11.02.2023,Nachmittag,4.14,See,4,8,stark_bewölkt,windstill,liegt,nein,12,0,32,2,5,0,0,0,0,0,3,0,0,0,0,0,0,0,0,0,0,0,0,0,0,0,0,0,0,0,0,0,0,0,0,0,0,0,,52,2
16:45,13.02.2023,Nachmittag,,See,1,6,klar,leicht,liegt,nein,7,0,28,0,2,0,0,0,0,0,0,0,0,0,0,0,0,0,0,0,0,0,0,0,0,0,3,0,0,0,0,0,0,0,0,0,0,0,,40,0
16:50,17.02.2023,Nachmittag,5.2,See,5,13,stark_bewölkt,leicht,liegt,nein,3,0,0,0,0,0,0,0,0,0,0,0,0,0,0,0,0,0,0,0,0,0,0,0,0,0,0,0,0,0,0,0,0,0,0,0,0,0,,3,0
16:50,18.02.2023,Nachmittag,7.2,See,7,16,klar,windstill,liegt,ja,6,1,1,0,0,0,0,0,0,0,0,0,0,0,0,0,0,0,0,0,0,0,0,0,0,0,0,0,0,0,0,0,0,0,0,0,0,0,0,7,1
16:50,20.02.2023,Nachmittag,8.8,See,8,17,leicht_bewölkt,windstill,liegt_nicht,Ja,0,2,1,1,0,0,0,0,0,0,0,1,0,0,0,0,0,0,0,0,0,0,1,1,0,0,0,0,0,0,0,0,0,0,0,0,0,0,,2,5
16:50,21.02.2023,Nachmittag,6.11,See,6,11,Klar,Leichter Wind,Liegt_nicht,Nein,7,1,8,0,0,0,0,0,0,0,0,0,0,0,0,0,0,0,0,0,0,0,0,0,0,0,0,0,0,0,0,0,0,0,0,0,0,0,Interaktion Kohlmeise verjagt Kohlmeise,15,1
16:50,22.02.2023,Nachmittag,5.14,See,5,12,klar,leicht,liegt_nicht,ja,7,0,0,0,0,0,0,0,0,0,2,0,0,0,0,0,0,0,0,0,0,0,0,0,1,0,0,0,0,0,0,0,0,0,0,0,0,0,,10,0
16:50,23.02.2023,Nachmittag,7.6,See,7,13,stark_bewölkt,windstill,liegt_nicht,nein,5,0,0,0,2,0,0,0,0,0,1,0,0,0,1,0,0,0,0,0,0,0,1,0,1,0,1,0,0,0,0,0,0,0,0,0,0,0,0,12,0
17:00,17.02.2023,Nachmittag,5.2,See,5,13,stark_bewölkt,leicht,liegt,nein,19,0,5,0,5,0,0,0,0,0,0,0,0,0,0,0,0,0,0,0,0,0,1,0,0,0,0,0,0,0,0,0,0,0,0,0,0,0,,30,0
17:00,18.02.2023,Nachmittag,7.2,See,7,0,klar,windstill,liegt,ja,4,0,3,0,1,0,1,1,0,0,0,0,0,0,0,0,0,0,0,0,0,0,0,0,0,0,0,0,0,0,0,0,0,0,0,0,0,0,0,9,1
17:00,20.02.2023,Nachmittag,8.8,See,8,8,leicht_bewölkt,windstill,liegt_nicht,Ja,6,0,4,0,0,0,0,0,0,0,2,0,0,0,0,0,0,0,0,0,0,0,0,0,0,0,2,0,0,0,0,0,0,0,0,0,0,0,,14,0
17:00,21.02.2023,Nachmittag,6.11,See,6,11,Klar,Leichter Wind,Liegt_nicht,Nein,6,0,6,0,5,0,0,0,0,0,0,0,0,0,0,0,0,0,0,0,0,0,1,0,0,0,0,0,0,0,0,0,0,0,0,0,0,0,,18,0
17:00,22.02.2023,Nachmittag,5.14,See,5,12,klar,leicht,liegt_nicht,ja,0,0,3,0,0,0,0,0,0,0,0,0,0,0,0,0,0,0,0,0,0,0,0,0,2,0,0,0,0,0,0,0,0,0,0,0,0,0,,5,0
17:00,23.02.2023,Nachmittag,7.6,See,7,8,stark_bewölkt,windstill,liegt_nicht,nein,12,1,0,0,2,0,0,0,0,0,0,0,0,0,0,0,0,0,0,0,0,0,0,0,0,0,2,1,0,0,0,0,0,0,0,0,0,0,0,16,2
